Shunlist as of Mon, 27 Apr 2015 22:30:04 -0500
1.202.208.19,2015-04-24 12:32:51,Wget Command Specifying Output in HTTP Headers 1
1.214.119.227,2015-04-20 13:14:55,Muieblackcat scanner
1.214.119.230,2015-04-26 23:37:00,SSH Brute Force
1.234.6.205,2015-04-15 02:46:06,SSH Brute Force
1.234.65.197,2015-04-13 12:28:22,SSH Brute Force
5.1.88.167,2015-04-20 08:53:53,SSH Brute Force
5.15.240.145,2015-04-13 11:32:56,Multiple FTP Root Login Attempts
5.39.218.22,2015-04-21 11:20:05,Sipvicious Scan
5.45.79.24,2015-04-14 10:07:27,RA SCAN Unusually fast Terminal Server Traffic Inbound
5.56.68.87,2015-04-27 10:07:27,RA SCAN Unusually fast Terminal Server Traffic Inbound
5.57.242.89,2015-04-20 10:41:27,RA SCAN Unusually fast Terminal Server Traffic Inbound
5.61.35.38,2015-04-27 22:07:27,TDS Sutra - cookie set
5.79.65.65,2015-04-16 16:49:29,Sipvicious Scan
5.133.31.124,2015-04-24 19:24:35,Sipvicious Scan
5.135.167.145,2015-04-27 10:40:27,Wget Command Specifying Output in HTTP Headers 1
5.152.205.36,2015-04-19 17:11:15,RA SCAN Unusually fast Terminal Server Traffic Inbound
5.165.73.144,2015-04-27 15:49:47,source disclosure vulnerability
5.189.191.119,2015-04-25 10:07:26,Sipvicious Scan
5.189.191.172,2015-04-20 09:07:27,Sipvicious Scan
5.189.191.177,2015-04-27 09:36:06,Sipvicious Scan
5.199.172.36,2015-04-27 22:07:27,RA SCAN Unusually fast Terminal Server Traffic Inbound
5.226.146.53,2015-04-25 10:07:26,RA SCAN Unusually fast Terminal Server Traffic Inbound
5.249.143.31,2015-04-23 09:07:26,RA SCAN Unusually fast Terminal Server Traffic Inbound
5.250.245.37,2015-04-16 09:39:11,E-ZPass Phishing Email
8.23.233.115,2015-04-20 23:34:43,SSH Brute Force
12.130.55.119,2015-04-25 16:53:02,FREAK Weak Export Suite From Server
12.130.55.185,2015-04-14 17:19:58,FREAK Weak Export Suite From Server
12.130.55.187,2015-04-15 09:19:40,FREAK Weak Export Suite From Server
12.130.142.42,2015-04-17 09:43:04,FREAK Weak Export Suite From Server
12.130.142.43,2015-04-14 12:10:58,FREAK Weak Export Suite From Server
12.130.142.55,2015-04-16 10:34:41,FREAK Weak Export Suite From Server
12.145.64.100,2015-04-13 16:11:31,RA SCAN Unusually fast Terminal Server Traffic Inbound
12.189.251.81,2015-04-25 10:07:26,CVE 2014-6271 Attempt in Headers
12.217.238.20,2015-04-25 02:07:49,CVE 2014-6271 Attempt in Headers
14.139.82.140,2015-04-15 08:17:49,Curl Command Specifying Output in HTTP Headers
14.139.217.134,2015-04-15 05:53:46,SSH Brute Force
18.77.1.64,2015-04-20 15:39:11,SSH Brute Force
23.92.210.18,2015-04-27 22:07:26,Sipvicious Scan
23.92.215.116,2015-04-17 10:13:33,RA SCAN Unusually fast Terminal Server Traffic Inbound
23.94.144.42,2015-04-17 04:20:17,RA SCAN Unusually fast Terminal Server Traffic Inbound
23.94.149.226,2015-04-27 10:07:27,Sipvicious Scan
23.100.24.24,2015-04-24 20:07:03,RA SCAN Unusually fast Terminal Server Traffic Inbound
23.124.108.220,2015-04-21 21:18:03,CVE 2014-6271 Attempt in Headers
23.229.0.138,2015-04-16 10:07:27,Sipvicious Scan
23.229.71.132,2015-04-26 21:31:52,Sipvicious Scan
23.236.205.30,2015-04-25 10:07:26,Sipvicious Scan
23.236.205.81,2015-04-20 09:07:27,Sipvicious Scan
23.250.11.219,2015-04-22 10:07:29,Sipvicious Scan
23.250.11.220,2015-04-27 10:07:27,Sipvicious Scan
23.250.11.222,2015-04-25 10:07:26,Sipvicious Scan
23.254.1.68,2015-04-26 09:07:26,Sipvicious Scan
24.89.164.218,2015-04-27 22:07:26,RA SCAN Unusually fast Terminal Server Traffic Inbound
24.103.91.50,2015-04-19 14:06:24,RA SCAN Unusually fast Terminal Server Traffic Inbound
24.129.128.94,2015-04-13 20:27:45,RA SCAN Unusually fast Terminal Server Traffic Inbound
24.156.121.40,2015-04-27 17:11:39,SSH Brute Force
24.156.207.133,2015-04-21 10:07:28,SSH Brute Force
24.159.80.126,2015-04-14 08:16:25,RA SCAN Unusually fast Terminal Server Traffic Inbound
24.220.219.46,2015-04-18 02:01:02,RA SCAN Unusually fast Terminal Server Traffic Inbound
24.222.171.142,2015-04-25 10:07:26,RA SCAN Unusually fast Terminal Server Traffic Inbound
27.17.18.141,2015-04-16 11:08:39,SSH Brute Force
27.96.38.151,2015-04-24 23:59:37,CVE 2014-6271 Attempt in Headers
27.115.189.182,2015-04-20 08:58:42,php injection
27.145.202.164,2015-04-27 22:07:26,RA SCAN Unusually fast Terminal Server Traffic Inbound
27.251.99.50,2015-04-26 09:07:27,SSH Brute Force
27.254.44.45,2015-04-23 09:07:28,SSH Brute Force
27.254.44.116,2015-04-23 03:10:34,SSH Brute Force
31.3.228.50,2015-04-27 18:19:37,RA SCAN Unusually fast Terminal Server Traffic Inbound
31.7.57.198,2015-04-27 10:07:27,TLS HeartBleed Unencrypted Request Method 4
31.39.182.180,2015-04-20 20:44:08,QNAP Shellshock CVE 2014-6271
31.131.139.42,2015-04-13 09:28:17,Possible Dyre SSL C&amp;C Cert
31.199.3.187,2015-04-22 13:22:52,SSH Brute Force
31.220.16.252,2015-04-17 08:08:47,Phishing Site
37.17.224.24,2015-04-26 09:07:26,CVE 2014-6271 Attempt in Headers
37.34.73.178,2015-04-27 10:20:51,CVE 2014-6271 Attempt in Headers
37.48.122.31,2015-04-13 10:06:25,Sipvicious Scan
37.48.122.57,2015-04-27 06:48:15,Sipvicious Scan
37.59.51.96,2015-04-25 18:30:09,CVE 2014-6271 Attempt in Headers
37.59.231.182,2015-04-20 08:56:00,Sipvicious Scan
37.115.203.210,2015-04-13 08:39:20,Possible Dyre SSL C&amp;C Cert
37.120.249.10,2015-04-18 23:09:41,RA SCAN Unusually fast Terminal Server Traffic Inbound
37.187.129.166,2015-04-27 10:07:27,SQL Injection Attempt UNION SELECT
37.187.180.168,2015-04-20 08:58:42,php injection
37.205.179.25,2015-04-19 10:16:34,QNAP Shellshock CVE 2014-6271
38.109.36.53,2015-04-27 10:07:27,H.323 Scanning device
41.190.192.158,2015-04-24 20:12:51,CVE 2014-6271 Attempt in Headers
41.207.253.5,2015-04-23 09:07:27,RA SCAN Unusually fast Terminal Server Traffic Inbound
41.221.5.198,2015-04-27 22:07:27,H.323 Scanning device
43.250.250.86,2015-04-23 12:04:48,Sipvicious Scan
43.250.250.146,2015-04-20 08:56:00,Sipvicious Scan
43.255.190.89,2015-04-26 09:07:26,SCAN SSH BruteForce Tool with fake PUTTY version
43.255.190.90,2015-04-25 10:07:26,SCAN SSH BruteForce Tool with fake PUTTY version
43.255.190.91,2015-04-27 22:07:26,SCAN SSH BruteForce Tool with fake PUTTY version
43.255.190.92,2015-04-24 10:07:28,SCAN SSH BruteForce Tool with fake PUTTY version
43.255.190.93,2015-04-26 09:07:27,SCAN SSH BruteForce Tool with fake PUTTY version
43.255.190.115,2015-04-26 09:07:27,SCAN SSH BruteForce Tool with fake PUTTY version
43.255.190.116,2015-04-27 22:07:26,SCAN SSH BruteForce Tool with fake PUTTY version
43.255.190.117,2015-04-25 10:07:27,SCAN SSH BruteForce Tool with fake PUTTY version
43.255.190.118,2015-04-27 22:07:27,SCAN SSH BruteForce Tool with fake PUTTY version
43.255.190.119,2015-04-26 09:07:28,SCAN SSH BruteForce Tool with fake PUTTY version
43.255.190.120,2015-04-27 10:07:27,SSH Brute Force
43.255.190.121,2015-04-27 22:07:27,SCAN SSH BruteForce Tool with fake PUTTY version
43.255.190.122,2015-04-27 22:07:26,SCAN SSH BruteForce Tool with fake PUTTY version
43.255.190.123,2015-04-27 22:07:26,SCAN SSH BruteForce Tool with fake PUTTY version
43.255.190.124,2015-04-27 10:07:27,SCAN SSH BruteForce Tool with fake PUTTY version
43.255.190.125,2015-04-27 22:07:27,SCAN SSH BruteForce Tool with fake PUTTY version
43.255.190.126,2015-04-27 22:07:26,SSH Brute Force
43.255.190.130,2015-04-26 09:07:28,SCAN SSH BruteForce Tool with fake PUTTY version
43.255.190.131,2015-04-27 22:07:26,SCAN SSH BruteForce Tool with fake PUTTY version
43.255.190.132,2015-04-27 10:07:27,SCAN SSH BruteForce Tool with fake PUTTY version
43.255.190.133,2015-04-27 22:07:26,SCAN SSH BruteForce Tool with fake PUTTY version
43.255.190.134,2015-04-27 10:07:27,SCAN SSH BruteForce Tool with fake PUTTY version
43.255.190.135,2015-04-27 10:07:27,SCAN SSH BruteForce Tool with fake PUTTY version
43.255.190.136,2015-04-27 22:07:26,SCAN SSH BruteForce Tool with fake PUTTY version
43.255.190.137,2015-04-27 10:07:27,SCAN SSH BruteForce Tool with fake PUTTY version
43.255.190.138,2015-04-27 22:07:26,SCAN SSH BruteForce Tool with fake PUTTY version
43.255.190.139,2015-04-26 09:07:26,SCAN SSH BruteForce Tool with fake PUTTY version
43.255.190.140,2015-04-27 22:07:27,SCAN SSH BruteForce Tool with fake PUTTY version
43.255.190.141,2015-04-27 22:07:27,SSH Brute Force
43.255.190.142,2015-04-25 10:07:27,SCAN SSH BruteForce Tool with fake PUTTY version
43.255.190.143,2015-04-25 10:07:27,SCAN SSH BruteForce Tool with fake PUTTY version
43.255.190.144,2015-04-27 10:07:27,SCAN SSH BruteForce Tool with fake PUTTY version
43.255.190.145,2015-04-22 21:01:04,SCAN SSH BruteForce Tool with fake PUTTY version
43.255.190.146,2015-04-27 10:07:27,SCAN SSH BruteForce Tool with fake PUTTY version
43.255.190.147,2015-04-23 09:07:29,SCAN SSH BruteForce Tool with fake PUTTY version
43.255.190.148,2015-04-27 22:07:26,SCAN SSH BruteForce Tool with fake PUTTY version
43.255.190.149,2015-04-27 22:07:26,SCAN SSH BruteForce Tool with fake PUTTY version
43.255.190.150,2015-04-27 10:07:27,SCAN SSH BruteForce Tool with fake PUTTY version
43.255.190.151,2015-04-27 22:07:27,SCAN SSH BruteForce Tool with fake PUTTY version
43.255.190.152,2015-04-27 22:07:27,SCAN SSH BruteForce Tool with fake PUTTY version
43.255.190.153,2015-04-27 10:07:27,SCAN SSH BruteForce Tool with fake PUTTY version
43.255.190.154,2015-04-27 10:07:27,SCAN SSH BruteForce Tool with fake PUTTY version
43.255.190.155,2015-04-27 10:07:27,SCAN SSH BruteForce Tool with fake PUTTY version
43.255.190.156,2015-04-27 22:07:27,SCAN SSH BruteForce Tool with fake PUTTY version
43.255.190.157,2015-04-27 22:07:26,SCAN SSH BruteForce Tool with fake PUTTY version
43.255.190.158,2015-04-27 22:07:26,SCAN SSH BruteForce Tool with fake PUTTY version
43.255.190.159,2015-04-26 09:07:27,SCAN SSH BruteForce Tool with fake PUTTY version
43.255.190.160,2015-04-27 22:07:27,SCAN SSH BruteForce Tool with fake PUTTY version
43.255.190.161,2015-04-27 22:07:27,SCAN SSH BruteForce Tool with fake PUTTY version
43.255.190.162,2015-04-27 10:07:27,SCAN SSH BruteForce Tool with fake PUTTY version
43.255.190.163,2015-04-27 10:07:27,SCAN SSH BruteForce Tool with fake PUTTY version
43.255.190.164,2015-04-27 22:07:26,SCAN SSH BruteForce Tool with fake PUTTY version
43.255.190.165,2015-04-27 10:07:27,SCAN SSH BruteForce Tool with fake PUTTY version
43.255.190.166,2015-04-27 22:07:26,SCAN SSH BruteForce Tool with fake PUTTY version
43.255.190.167,2015-04-27 10:07:27,SCAN SSH BruteForce Tool with fake PUTTY version
43.255.190.168,2015-04-27 22:07:27,SCAN SSH BruteForce Tool with fake PUTTY version
43.255.190.169,2015-04-27 22:07:26,SCAN SSH BruteForce Tool with fake PUTTY version
43.255.190.170,2015-04-27 10:07:27,SCAN SSH BruteForce Tool with fake PUTTY version
43.255.190.171,2015-04-27 10:07:27,SCAN SSH BruteForce Tool with fake PUTTY version
43.255.190.172,2015-04-24 10:07:27,SCAN SSH BruteForce Tool with fake PUTTY version
43.255.190.176,2015-04-27 22:07:26,SCAN SSH BruteForce Tool with fake PUTTY version
43.255.190.182,2015-04-27 10:07:27,SCAN SSH BruteForce Tool with fake PUTTY version
43.255.190.183,2015-04-27 10:07:27,SCAN SSH BruteForce Tool with fake PUTTY version
43.255.190.184,2015-04-27 10:07:27,SCAN SSH BruteForce Tool with fake PUTTY version
43.255.190.185,2015-04-27 22:07:27,SCAN SSH BruteForce Tool with fake PUTTY version
43.255.190.186,2015-04-27 22:07:27,SCAN SSH BruteForce Tool with fake PUTTY version
43.255.190.187,2015-04-27 22:07:27,SCAN SSH BruteForce Tool with fake PUTTY version
43.255.190.188,2015-04-27 22:07:27,SCAN SSH BruteForce Tool with fake PUTTY version
43.255.190.189,2015-04-27 10:07:27,SCAN SSH BruteForce Tool with fake PUTTY version
43.255.190.190,2015-04-27 10:07:27,SSH Brute Force
43.255.190.191,2015-04-27 22:07:26,SCAN SSH BruteForce Tool with fake PUTTY version
43.255.191.130,2015-04-13 08:58:14,SCAN SSH BruteForce Tool with fake PUTTY version
43.255.191.131,2015-04-13 07:00:04,SCAN SSH BruteForce Tool with fake PUTTY version
43.255.191.132,2015-04-20 02:56:04,SCAN SSH BruteForce Tool with fake PUTTY version
43.255.191.138,2015-04-20 09:25:20,SCAN SSH BruteForce Tool with fake PUTTY version
43.255.191.139,2015-04-22 11:32:06,SCAN SSH BruteForce Tool with fake PUTTY version
43.255.191.143,2015-04-23 09:07:29,SCAN SSH BruteForce Tool with fake PUTTY version
43.255.191.144,2015-04-14 07:30:19,SCAN SSH BruteForce Tool with fake PUTTY version
43.255.191.145,2015-04-24 04:14:36,SCAN SSH BruteForce Tool with fake PUTTY version
43.255.191.146,2015-04-20 09:00:33,SSH Brute Force
43.255.191.147,2015-04-22 18:06:28,SCAN SSH BruteForce Tool with fake PUTTY version
43.255.191.148,2015-04-21 16:43:19,SCAN SSH BruteForce Tool with fake PUTTY version
43.255.191.149,2015-04-20 09:00:33,SSH Brute Force
43.255.191.151,2015-04-27 10:40:19,SCAN SSH BruteForce Tool with fake PUTTY version
43.255.191.152,2015-04-25 10:07:26,SCAN SSH BruteForce Tool with fake PUTTY version
43.255.191.153,2015-04-26 03:00:31,SCAN SSH BruteForce Tool with fake PUTTY version
43.255.191.155,2015-04-25 10:07:26,SCAN SSH BruteForce Tool with fake PUTTY version
43.255.191.156,2015-04-26 18:24:31,SCAN SSH BruteForce Tool with fake PUTTY version
43.255.191.157,2015-04-17 12:46:54,SCAN SSH BruteForce Tool with fake PUTTY version
43.255.191.158,2015-04-19 14:46:06,SCAN SSH BruteForce Tool with fake PUTTY version
43.255.191.159,2015-04-26 03:28:20,SCAN SSH BruteForce Tool with fake PUTTY version
43.255.191.160,2015-04-20 02:25:01,SCAN SSH BruteForce Tool with fake PUTTY version
43.255.191.164,2015-04-20 01:53:38,SCAN SSH BruteForce Tool with fake PUTTY version
46.4.35.201,2015-04-20 13:04:34,SSH Brute Force
46.4.73.171,2015-04-13 09:07:26,CVE 2014-6271 Attempt in Headers
46.4.94.143,2015-04-24 02:33:42,CVE 2014-6271 Attempt in Headers
46.17.98.62,2015-04-13 05:26:25,SSH Brute Force
46.17.100.176,2015-04-16 20:10:56,SSH Brute Force
46.20.35.81,2015-04-26 09:07:26,Sipvicious Scan
46.20.35.82,2015-04-24 10:07:28,Sipvicious Scan
46.20.35.91,2015-04-26 19:05:52,Sipvicious Scan
46.101.155.189,2015-04-26 09:07:26,Sipvicious Scan
46.105.248.105,2015-04-13 07:06:19,Angler EK XTEA encrypted binary
46.105.248.106,2015-04-16 06:23:27,Angler EK XTEA encrypted binary
46.151.49.53,2015-04-13 09:43:38,Possible Dyre SSL C&amp;C Cert
46.166.160.136,2015-04-23 09:07:26,Sipvicious Scan
46.166.160.151,2015-04-18 09:07:28,Sipvicious Scan
46.235.26.6,2015-04-25 05:43:10,Wget Command Specifying Output in HTTP Headers 1
46.235.252.153,2015-04-24 04:10:54,SSH Brute Force
47.21.197.250,2015-04-18 09:07:27,Sipvicious Scan
49.248.5.251,2015-04-24 07:42:54,SSH Brute Force
50.0.160.80,2015-04-24 11:42:51,RA SCAN Unusually fast Terminal Server Traffic Inbound
50.7.217.50,2015-04-27 22:07:26,Incoming Masscan detected
50.19.245.33,2015-04-23 09:07:30,Possible Android CVE 2014-6041
50.22.62.83,2015-04-24 17:11:50,RA SCAN Unusually fast Terminal Server Traffic Inbound
50.30.119.83,2015-04-27 22:07:27,H.323 Scanning device
50.46.202.75,2015-04-20 06:51:44,SSH Brute Force
50.56.110.247,2015-04-22 16:24:47,SSH Brute Force
50.56.176.228,2015-04-24 17:17:38,Wget Command Specifying Output in HTTP Headers 1
50.57.71.147,2015-04-27 22:07:27,H.323 Scanning device
50.61.232.10,2015-04-18 16:47:04,RA SCAN Unusually fast Terminal Server Traffic Inbound
50.63.8.40,2015-04-20 08:53:53,SSH Brute Force
50.63.8.130,2015-04-27 10:07:27,SSH Brute Force
50.63.9.213,2015-04-20 08:53:53,SSH Brute Force
50.63.10.147,2015-04-20 08:53:53,SSH Brute Force
50.63.25.22,2015-04-27 10:07:27,SSH Brute Force
50.63.25.208,2015-04-20 19:39:03,SSH Brute Force
50.63.26.152,2015-04-20 08:53:53,SSH Brute Force
50.63.26.171,2015-04-22 19:26:10,SSH Brute Force
50.63.26.241,2015-04-21 04:47:08,SSH Brute Force
50.63.52.82,2015-04-24 10:07:28,SSH Brute Force
50.63.52.169,2015-04-20 08:53:53,SSH Brute Force
50.63.56.57,2015-04-27 10:07:27,SSH Brute Force
50.63.56.84,2015-04-20 08:53:53,SSH Brute Force
50.63.56.215,2015-04-21 10:07:28,SSH Brute Force
50.63.128.133,2015-04-25 10:07:26,SSH Brute Force
50.63.128.141,2015-04-23 09:07:29,SSH Brute Force
50.63.128.177,2015-04-27 22:07:26,SSH Brute Force
50.63.129.136,2015-04-27 10:07:27,SSH Brute Force
50.63.129.219,2015-04-26 09:07:26,SSH Brute Force
50.63.129.234,2015-04-20 08:53:53,SSH Brute Force
50.63.130.96,2015-04-21 14:37:48,SSH Brute Force
50.63.130.106,2015-04-27 22:07:27,SSH Brute Force
50.63.130.109,2015-04-26 09:07:27,SSH Brute Force
50.63.130.118,2015-04-24 10:07:28,SSH Brute Force
50.63.136.20,2015-04-20 08:53:53,SSH Brute Force
50.63.136.238,2015-04-27 10:07:27,SSH Brute Force
50.63.141.164,2015-04-23 09:07:29,SSH Brute Force
50.63.141.233,2015-04-24 10:07:27,SSH Brute Force
50.63.144.27,2015-04-20 08:53:53,SSH Brute Force
50.63.144.102,2015-04-20 07:12:53,SSH Brute Force
50.63.144.213,2015-04-20 13:40:15,SSH Brute Force
50.63.144.236,2015-04-20 19:41:11,SSH Brute Force
50.63.176.19,2015-04-20 08:53:53,SSH Brute Force
50.75.228.58,2015-04-21 06:13:30,RA SCAN Unusually fast Terminal Server Traffic Inbound
50.76.207.17,2015-04-21 21:05:01,SSH Brute Force
50.77.146.89,2015-04-22 10:26:50,SSH Brute Force
50.79.29.158,2015-04-24 10:07:27,RA SCAN Unusually fast Terminal Server Traffic Inbound
50.198.140.90,2015-04-21 19:22:51,SSH Brute Force
50.199.61.145,2015-04-20 15:00:10,RA SCAN Unusually fast Terminal Server Traffic Inbound
50.248.159.177,2015-04-20 19:45:08,RA SCAN Unusually fast Terminal Server Traffic Inbound
50.250.95.28,2015-04-24 10:07:28,Sipvicious Scan
50.251.2.241,2015-04-21 10:07:27,RA SCAN Unusually fast Terminal Server Traffic Inbound
50.255.22.12,2015-04-25 03:24:57,CVE 2014-6271 Attempt in Headers
52.5.211.178,2015-04-25 09:57:10,CVE 2014-6271 Attempt in Headers
52.6.9.169,2015-04-26 04:53:59,CVE 2014-6271 Attempt in Headers
52.8.3.187,2015-04-16 02:41:49,RA SCAN Unusually fast Terminal Server Traffic Inbound
52.8.3.192,2015-04-15 16:51:56,RA SCAN Unusually fast Terminal Server Traffic Inbound
52.8.3.196,2015-04-15 07:16:54,RA SCAN Unusually fast Terminal Server Traffic Inbound
52.8.3.197,2015-04-15 07:16:57,RA SCAN Unusually fast Terminal Server Traffic Inbound
52.64.57.18,2015-04-19 12:55:25,RA SCAN Unusually fast Terminal Server Traffic Inbound
54.69.100.197,2015-04-16 02:40:48,RA SCAN Unusually fast Terminal Server Traffic Inbound
54.69.187.69,2015-04-15 07:16:34,RA SCAN Unusually fast Terminal Server Traffic Inbound
54.77.45.203,2015-04-22 09:18:43,RA SCAN Unusually fast Terminal Server Traffic Inbound
54.86.2.28,2015-04-22 16:57:27,SSH Brute Force
54.149.71.239,2015-04-15 07:17:19,RA SCAN Unusually fast Terminal Server Traffic Inbound
54.175.164.38,2015-04-24 22:23:22,CVE 2014-6271 Attempt in Headers
54.186.238.191,2015-04-21 23:17:58,SSH Brute Force
54.191.131.53,2015-04-27 10:07:27,IIS Integer Overflow
54.200.152.3,2015-04-27 22:07:26,H.323 Scanning device
54.201.134.7,2015-04-23 11:25:19,RA SCAN Unusually fast Terminal Server Traffic Inbound
54.207.19.190,2015-04-25 10:07:26,RA SCAN Unusually fast Terminal Server Traffic Inbound
54.214.16.237,2015-04-27 22:07:26,RA SCAN Unusually fast Terminal Server Traffic Inbound
54.225.105.252,2015-04-23 09:07:27,Possible Android CVE 2014-6041
54.247.191.248,2015-04-27 22:21:17,H.323 Scanning device
58.26.118.134,2015-04-20 08:57:02,MS Remote Desktop micros User Login Request
58.137.72.110,2015-04-24 10:07:27,SSH Brute Force
58.174.70.20,2015-04-21 05:38:31,QNAP Shellshock CVE 2014-6271
58.181.30.150,2015-04-27 17:37:03,SSH Brute Force
58.213.123.107,2015-04-22 09:02:22,CVE 2014-6271 Attempt in Headers
58.216.14.76,2015-04-24 10:07:28,Apache CVE-2013-2251 redirect
58.218.199.49,2015-04-27 22:07:26,SCAN SSH BruteForce Tool with fake PUTTY version
58.218.199.195,2015-04-27 20:22:59,SCAN SSH BruteForce Tool with fake PUTTY version
58.218.201.17,2015-04-27 10:07:27,SCAN SSH BruteForce Tool with fake PUTTY version
58.218.201.19,2015-04-26 05:19:14,SCAN SSH BruteForce Tool with fake PUTTY version
58.218.201.22,2015-04-23 09:07:29,SCAN SSH BruteForce Tool with fake PUTTY version
58.218.204.213,2015-04-27 22:07:26,SCAN SSH BruteForce Tool with fake PUTTY version
58.218.204.225,2015-04-27 22:07:26,SCAN SSH BruteForce Tool with fake PUTTY version
58.218.204.226,2015-04-27 10:07:27,SCAN SSH BruteForce Tool with fake PUTTY version
58.218.204.241,2015-04-27 22:07:26,SCAN SSH BruteForce Tool with fake PUTTY version
58.218.204.245,2015-04-27 16:51:21,SCAN SSH BruteForce Tool with fake PUTTY version
58.218.204.248,2015-04-27 10:07:27,SCAN SSH BruteForce Tool with fake PUTTY version
58.218.211.166,2015-04-27 10:07:27,SCAN SSH BruteForce Tool with fake PUTTY version
58.218.211.190,2015-04-27 10:07:27,SCAN SSH BruteForce Tool with fake PUTTY version
58.218.213.212,2015-04-23 09:07:27,SCAN SSH BruteForce Tool with fake PUTTY version
58.218.213.230,2015-04-22 10:07:28,SCAN SSH BruteForce Tool with fake PUTTY version
58.218.213.254,2015-04-27 22:07:27,SCAN SSH BruteForce Tool with fake PUTTY version
58.218.248.123,2015-04-25 10:04:49,CVE 2014-6271 Attempt in Headers
58.246.67.178,2015-04-27 10:07:27,MS Remote Desktop micros User Login Request
59.29.245.226,2015-04-22 10:07:29,SSH Brute Force
59.47.0.152,2015-04-24 21:27:24,SCAN SSH BruteForce Tool with fake PUTTY version
59.63.192.196,2015-04-23 09:07:29,SCAN SSH BruteForce Tool with fake PUTTY version
59.63.192.198,2015-04-27 10:07:27,SCAN SSH BruteForce Tool with fake PUTTY version
59.63.192.199,2015-04-20 05:38:27,SCAN SSH BruteForce Tool with fake PUTTY version
59.108.110.42,2015-04-23 09:07:29,SSH Brute Force
59.127.143.241,2015-04-17 16:19:30,CVE 2014-6271 Attempt in Headers
59.188.158.243,2015-04-15 21:20:04,QNAP Shellshock CVE 2014-6271
60.173.8.68,2015-04-21 15:31:28,SSH Brute Force
60.251.132.66,2015-04-25 04:22:53,QNAP Shellshock CVE 2014-6271
61.7.162.74,2015-04-23 11:49:30,dfind SK scanner
61.19.249.88,2015-04-19 01:27:20,SSH Brute Force
61.41.4.6,2015-04-27 22:07:27,RA Exploit Alihackxx
61.92.204.149,2015-04-15 13:59:27,RA SCAN Unusually fast Terminal Server Traffic Inbound
61.105.63.169,2015-04-24 00:45:09,RA SCAN Unusually fast Terminal Server Traffic Inbound
61.111.10.86,2015-04-20 00:21:48,RA SCAN Unusually fast Terminal Server Traffic Inbound
61.115.79.20,2015-04-20 08:53:53,SSH Brute Force
61.132.161.130,2015-04-15 10:30:43,SSH Brute Force
61.134.122.168,2015-04-19 10:07:26,Sipvicious Scan
61.137.93.80,2015-04-25 17:07:09,SSH Brute Force
61.139.100.90,2015-04-24 07:17:07,SSH Brute Force
61.146.79.106,2015-04-26 09:36:42,CVE 2014-6271 Attempt in Headers
61.152.91.34,2015-04-25 00:21:19,Wget Command Specifying Output in HTTP Headers 1
61.155.41.18,2015-04-27 22:07:26,RA SCAN Unusually fast Terminal Server Traffic Inbound
61.160.211.58,2015-04-20 08:53:53,SSH Brute Force
61.160.212.27,2015-04-27 21:34:34,SCAN SSH BruteForce Tool with fake PUTTY version
61.160.213.190,2015-04-27 22:07:26,SCAN SSH BruteForce Tool with fake PUTTY version
61.160.215.103,2015-04-27 22:07:26,SCAN SSH BruteForce Tool with fake PUTTY version
61.160.222.76,2015-04-27 12:09:57,SCAN SSH BruteForce Tool with fake PUTTY version
61.160.247.130,2015-04-27 22:07:25,TomCat Auth Brute Force attempt
61.160.247.153,2015-04-27 10:07:27,TomCat Auth Brute Force attempt
61.174.49.103,2015-04-20 09:07:27,SCAN SSH BruteForce Tool with fake PUTTY version
61.174.49.105,2015-04-21 10:07:27,SCAN SSH BruteForce Tool with fake PUTTY version
61.174.49.106,2015-04-23 19:06:01,SCAN SSH BruteForce Tool with fake PUTTY version
61.183.1.2,2015-04-14 02:05:13,SSH Brute Force
61.183.1.8,2015-04-14 08:22:22,RA SCAN Unusually fast Terminal Server Traffic Inbound
61.183.15.4,2015-04-24 05:41:18,SSH Brute Force
61.191.30.117,2015-04-27 10:07:27,SSH Brute Force
61.191.190.47,2015-04-15 05:26:15,SSH Brute Force
61.194.188.184,2015-04-15 13:21:20,QNAP Shellshock CVE 2014-6271
61.239.120.195,2015-04-13 18:23:40,RA SCAN Unusually fast Terminal Server Traffic Inbound
61.240.144.65,2015-04-27 22:07:26,Incoming Masscan detected
61.240.144.67,2015-04-27 22:07:27,Incoming Masscan detected
61.252.20.130,2015-04-18 01:40:34,SSH Brute Force
62.75.253.139,2015-04-20 08:53:53,SSH Brute Force
62.80.181.148,2015-04-13 09:46:40,Possible Dyre SSL C&amp;C Cert
62.82.150.9,2015-04-20 08:59:52,Phishing Site
62.97.123.146,2015-04-15 01:17:19,Sipvicious Scan
62.113.208.196,2015-04-22 13:34:55,CVE 2014-6271 Attempt in Headers
62.129.243.226,2015-04-22 10:07:28,SSH Brute Force
62.141.42.83,2015-04-22 10:07:29,SSH Brute Force
62.141.50.122,2015-04-22 10:07:29,SSH Brute Force
62.141.59.254,2015-04-21 17:32:56,SSH Brute Force
62.147.189.80,2015-04-24 21:16:12,Wget Command Specifying Output in HTTP Headers 2
62.149.164.193,2015-04-14 08:33:09,Malware Distribution Site
62.193.224.48,2015-04-24 10:07:28,SSH Brute Force
62.193.231.13,2015-04-19 07:41:15,SSH Brute Force
62.193.234.5,2015-04-23 09:07:28,SSH Brute Force
62.193.241.59,2015-04-23 09:07:28,SSH Brute Force
62.193.242.207,2015-04-24 19:03:26,SSH Brute Force
62.210.7.143,2015-04-27 22:07:25,Sipvicious Scan
62.210.82.141,2015-04-22 12:27:43,Sipvicious Scan
62.210.87.114,2015-04-22 10:07:28,Sipvicious Scan
62.210.88.49,2015-04-27 22:07:27,Sipvicious Scan
62.210.89.78,2015-04-13 10:34:19,Sipvicious Scan
62.210.93.57,2015-04-16 10:07:27,Sipvicious Scan
62.210.113.19,2015-04-20 08:56:00,Sipvicious Scan
62.210.180.208,2015-04-27 22:07:25,Sipvicious Scan
62.210.244.236,2015-04-27 10:07:27,Sipvicious Scan
62.210.244.238,2015-04-21 09:35:07,Sipvicious Scan
62.210.246.122,2015-04-26 10:53:37,Sipvicious Scan
62.210.247.215,2015-04-21 17:37:34,Sipvicious Scan
62.210.249.97,2015-04-16 08:55:40,Sipvicious Scan
62.210.249.124,2015-04-25 10:07:27,Sipvicious Scan
63.111.67.170,2015-04-27 22:07:27,Double HTTP/1.1 Header Inbound
63.136.2.88,2015-04-25 10:17:46,Wget Command Specifying Output in HTTP Headers 2
63.139.117.8,2015-04-20 06:43:09,RA SCAN Unusually fast Terminal Server Traffic Inbound
63.141.209.62,2015-04-20 08:56:00,Sipvicious Scan
63.141.232.106,2015-04-27 22:07:25,Sipvicious Scan
63.141.254.50,2015-04-25 05:35:37,RA SCAN Unusually fast Terminal Server Traffic Inbound
63.247.181.230,2015-04-22 04:06:12,SSH Brute Force
64.6.242.102,2015-04-20 08:53:53,SSH Brute Force
64.6.255.37,2015-04-22 02:15:29,SSH Brute Force
64.15.187.197,2015-04-18 15:08:49,RA SCAN Unusually fast Terminal Server Traffic Inbound
64.33.202.147,2015-04-21 06:45:50,RA SCAN Unusually fast Terminal Server Traffic Inbound
64.34.162.50,2015-04-24 10:07:28,SSH Brute Force
64.34.196.206,2015-04-23 09:07:29,RA SCAN Unusually fast Terminal Server Traffic Inbound
64.34.202.157,2015-04-22 09:24:00,SSH Brute Force
64.53.35.5,2015-04-26 09:07:27,RA SCAN Unusually fast Terminal Server Traffic Inbound
64.58.183.3,2015-04-21 20:51:57,SSH Brute Force
64.69.57.20,2015-04-20 11:34:17,QNAP Shellshock CVE 2014-6271
64.121.55.120,2015-04-23 07:17:33,RA SCAN Unusually fast Terminal Server Traffic Inbound
64.183.63.194,2015-04-18 02:00:20,RA SCAN Unusually fast Terminal Server Traffic Inbound
64.185.49.126,2015-04-21 17:11:55,SSH Brute Force
64.186.248.202,2015-04-21 06:46:05,RA SCAN Unusually fast Terminal Server Traffic Inbound
64.202.123.80,2015-04-16 10:07:28,source disclosure vulnerability
64.235.55.5,2015-04-15 09:44:55,RA SCAN Unusually fast Terminal Server Traffic Inbound
64.250.202.100,2015-04-18 02:00:34,RA SCAN Unusually fast Terminal Server Traffic Inbound
65.51.95.13,2015-04-22 06:42:42,SSH Brute Force
65.90.118.21,2015-04-20 15:18:30,RA SCAN Unusually fast Terminal Server Traffic Inbound
65.162.206.206,2015-04-23 03:59:01,SSH Brute Force
65.207.23.201,2015-04-14 02:24:58,SSH Brute Force
65.212.186.38,2015-04-25 10:07:27,SSH Brute Force
66.6.131.101,2015-04-20 04:32:13,RA SCAN Unusually fast Terminal Server Traffic Inbound
66.55.38.164,2015-04-26 09:07:27,SSH Brute Force
66.70.34.105,2015-04-22 10:07:29,SuperFish Possible SSL Cert CnC
66.70.34.111,2015-04-25 10:07:26,SuperFish Possible SSL Cert CnC
66.70.34.113,2015-04-20 09:00:49,SuperFish Possible SSL Cert CnC
66.70.34.115,2015-04-21 20:04:41,SuperFish Possible SSL Cert CnC
66.70.34.119,2015-04-25 10:07:26,SuperFish Possible SSL Cert CnC
66.70.34.125,2015-04-24 12:21:01,SuperFish Possible SSL Cert CnC
66.76.52.160,2015-04-24 06:18:12,RA SCAN Unusually fast Terminal Server Traffic Inbound
66.135.39.45,2015-04-24 10:07:28,SSH Brute Force
66.162.32.179,2015-04-24 04:20:51,RA SCAN Unusually fast Terminal Server Traffic Inbound
66.162.229.146,2015-04-18 02:00:24,RA SCAN Unusually fast Terminal Server Traffic Inbound
66.171.186.154,2015-04-20 08:53:53,SSH Brute Force
66.195.68.137,2015-04-24 10:07:28,SSH Brute Force
66.195.209.180,2015-04-22 20:05:53,SSH Brute Force
66.219.203.194,2015-04-22 07:32:17,RA SCAN Unusually fast Terminal Server Traffic Inbound
66.223.55.41,2015-04-24 10:07:27,RA SCAN Unusually fast Terminal Server Traffic Inbound
66.240.169.230,2015-04-23 06:24:27,RA SCAN Unusually fast Terminal Server Traffic Inbound
66.240.205.157,2015-04-21 10:07:28,Sipvicious Scan
67.18.149.186,2015-04-23 08:45:41,SSH Brute Force
67.19.112.186,2015-04-24 10:07:27,SSH Brute Force
67.192.86.10,2015-04-18 02:00:06,RA SCAN Unusually fast Terminal Server Traffic Inbound
67.200.232.196,2015-04-18 02:04:54,RA SCAN Unusually fast Terminal Server Traffic Inbound
67.202.178.170,2015-04-18 02:00:34,RA SCAN Unusually fast Terminal Server Traffic Inbound
67.207.143.73,2015-04-27 22:07:26,H.323 Scanning device
67.228.162.137,2015-04-19 12:30:15,SSH Brute Force
67.231.57.143,2015-04-27 10:07:27,Sipvicious Scan
68.109.225.5,2015-04-16 15:04:13,RA SCAN Unusually fast Terminal Server Traffic Inbound
68.178.146.206,2015-04-22 10:39:45,SSH Brute Force
68.178.173.183,2015-04-14 08:32:55,Malware Distribution Site
68.178.241.234,2015-04-27 22:07:26,SSH Brute Force
68.196.167.129,2015-04-21 10:07:28,RA SCAN Unusually fast Terminal Server Traffic Inbound
69.1.22.138,2015-04-25 10:07:26,SSH Brute Force
69.9.180.225,2015-04-23 01:24:06,SSH Brute Force
69.15.19.53,2015-04-17 08:57:10,RA SCAN Unusually fast Terminal Server Traffic Inbound
69.21.118.244,2015-04-24 10:07:28,SSH Brute Force
69.50.193.86,2015-04-22 10:07:29,PHP-cgi vulnerability CVE-2012-1823
69.50.195.204,2015-04-20 22:48:21,RA SCAN Unusually fast Terminal Server Traffic Inbound
69.50.208.20,2015-04-24 15:01:46,CVE 2014-6271 Attempt in Headers
69.64.36.122,2015-04-27 10:07:27,Sipvicious Scan
69.64.38.155,2015-04-21 16:10:43,SSH Brute Force
69.64.68.103,2015-04-25 00:54:02,CVE 2014-6271 Attempt in Headers
69.73.180.238,2015-04-23 11:59:07,RA SCAN Unusually fast Terminal Server Traffic Inbound
69.77.180.12,2015-04-24 23:28:14,Wget Command Specifying Output in HTTP Headers 1
69.85.88.8,2015-04-18 00:45:56,RA SCAN Unusually fast Terminal Server Traffic Inbound
69.94.38.180,2015-04-24 13:33:07,CVE 2014-6271 Attempt in Headers
69.159.37.244,2015-04-22 03:10:23,CVE 2014-6271 Attempt in Headers
69.162.118.146,2015-04-22 10:07:29,SSH Brute Force
69.165.165.97,2015-04-22 08:47:24,SSH Brute Force
69.165.167.117,2015-04-25 10:07:27,SSH Brute Force
69.174.245.171,2015-04-23 09:07:28,SSH Brute Force
69.197.148.87,2015-04-20 09:07:26,Muieblackcat scanner
69.197.148.92,2015-04-17 18:04:25,Muieblackcat scanner
69.212.222.138,2015-04-24 10:07:28,SSH Brute Force
70.38.38.16,2015-04-20 08:54:06,PHP POST with str_rot13
70.62.99.194,2015-04-22 10:07:28,RA SCAN Unusually fast Terminal Server Traffic Inbound
70.72.64.29,2015-04-19 19:17:11,RA SCAN Unusually fast Terminal Server Traffic Inbound
70.88.180.29,2015-04-22 11:14:17,RA SCAN Unusually fast Terminal Server Traffic Inbound
70.91.99.234,2015-04-22 00:11:11,SSH Brute Force
70.108.243.203,2015-04-25 10:07:26,SSH Brute Force
70.166.39.190,2015-04-19 04:29:10,Sipvicious Scan
71.6.135.131,2015-04-27 22:07:26,Supermicro BMC Password disclosure attempt
71.6.165.200,2015-04-27 22:07:26,Supermicro BMC Password disclosure attempt
71.6.167.142,2015-04-27 22:07:26,Supermicro BMC Password disclosure attempt
71.6.177.200,2015-04-22 01:11:52,Sipvicious Scan
71.42.124.221,2015-04-22 06:50:09,RA SCAN Unusually fast Terminal Server Traffic Inbound
71.90.107.154,2015-04-22 06:14:02,SSH Brute Force
71.175.19.34,2015-04-26 10:20:19,RA SCAN Unusually fast Terminal Server Traffic Inbound
71.180.66.254,2015-04-22 03:33:40,SSH Brute Force
72.1.110.6,2015-04-21 19:52:43,SSH Brute Force
72.12.84.53,2015-04-23 06:35:11,SSH Brute Force
72.22.74.77,2015-04-22 10:34:06,SSH Brute Force
72.28.162.102,2015-04-19 03:59:04,RA SCAN Unusually fast Terminal Server Traffic Inbound
72.48.137.176,2015-04-23 09:07:29,SSH Brute Force
72.52.83.254,2015-04-19 19:58:59,RA SCAN Unusually fast Terminal Server Traffic Inbound
72.53.1.90,2015-04-22 13:09:50,SSH Brute Force
72.95.129.53,2015-04-23 09:07:27,SSH Brute Force
72.167.13.11,2015-04-20 08:53:53,SSH Brute Force
72.167.32.16,2015-04-26 09:07:26,SSH Brute Force
72.167.36.73,2015-04-26 09:07:27,SSH Brute Force
72.167.38.72,2015-04-27 10:07:27,SSH Brute Force
72.167.39.89,2015-04-19 21:03:13,SSH Brute Force
72.167.42.95,2015-04-27 10:07:27,SSH Brute Force
72.167.47.43,2015-04-18 17:47:28,SSH Brute Force
72.167.55.110,2015-04-20 08:53:53,SSH Brute Force
72.167.62.27,2015-04-20 08:53:53,SSH Brute Force
72.167.95.38,2015-04-20 08:53:53,SSH Brute Force
72.167.113.135,2015-04-20 08:53:53,SSH Brute Force
72.167.120.222,2015-04-27 22:07:26,SSH Brute Force
72.167.141.154,2015-04-20 17:44:02,SSH Brute Force
72.167.144.96,2015-04-20 08:53:53,SSH Brute Force
72.167.145.194,2015-04-20 08:53:53,SSH Brute Force
72.167.145.195,2015-04-24 03:44:43,SSH Brute Force
72.167.165.212,2015-04-18 06:57:17,SSH Brute Force
72.167.202.166,2015-04-24 10:07:28,SSH Brute Force
72.167.247.25,2015-04-20 08:53:53,SSH Brute Force
72.167.251.87,2015-04-19 08:21:44,SSH Brute Force
73.165.102.41,2015-04-19 19:36:19,RA SCAN Unusually fast Terminal Server Traffic Inbound
73.195.157.24,2015-04-23 04:33:46,SSH Brute Force
73.202.49.100,2015-04-27 21:20:16,CVE 2014-6271 Attempt in Headers
74.54.143.114,2015-04-23 09:07:30,SSH Brute Force
74.62.82.45,2015-04-19 19:19:43,RA SCAN Unusually fast Terminal Server Traffic Inbound
74.79.230.104,2015-04-23 01:35:46,SSH Brute Force
74.94.20.5,2015-04-18 01:58:16,RA SCAN Unusually fast Terminal Server Traffic Inbound
74.118.192.206,2015-04-13 17:39:42,Sipvicious Scan
74.208.44.116,2015-04-17 02:06:49,RA SCAN Unusually fast Terminal Server Traffic Inbound
74.208.152.165,2015-04-23 14:37:37,SSH Brute Force
74.208.170.250,2015-04-27 22:07:26,RA SCAN Unusually fast Terminal Server Traffic Inbound
74.208.209.116,2015-04-15 17:21:47,CVE 2014-6271 Attempt in Headers
74.208.218.138,2015-04-23 03:59:00,SSH Brute Force
74.208.230.83,2015-04-14 01:00:01,RA SCAN Unusually fast Terminal Server Traffic Inbound
74.216.233.94,2015-04-21 20:12:05,SSH Brute Force
74.217.46.135,2015-04-15 12:06:03,RA SCAN Unusually fast Terminal Server Traffic Inbound
75.130.56.59,2015-04-22 18:06:16,SSH Brute Force
75.145.27.145,2015-04-18 03:00:40,RA SCAN Unusually fast Terminal Server Traffic Inbound
75.146.3.234,2015-04-13 05:15:40,Sipvicious Scan
75.146.231.245,2015-04-24 10:07:28,SSH Brute Force
76.14.28.233,2015-04-24 14:45:31,SSH Brute Force
76.30.176.65,2015-04-24 06:13:31,RA SCAN Unusually fast Terminal Server Traffic Inbound
76.76.107.122,2015-04-24 10:07:28,SSH Brute Force
76.120.75.139,2015-04-25 11:38:19,CVE 2014-6271 Attempt in Headers
76.163.25.76,2015-04-21 10:07:28,SSH Brute Force
76.180.236.54,2015-04-27 22:07:26,H.323 Scanning device
76.199.68.133,2015-04-25 10:07:26,SSH Brute Force
77.85.68.52,2015-04-22 08:11:12,SSH Brute Force
77.85.204.113,2015-04-13 08:51:56,Possible Dyre SSL C&amp;C Cert
77.89.255.254,2015-04-23 09:07:27,SSH Brute Force
77.92.129.126,2015-04-24 08:55:32,SSH Brute Force
77.236.64.212,2015-04-24 10:07:28,SSH Brute Force
77.236.99.157,2015-04-22 02:30:26,SSH Brute Force
77.241.93.81,2015-04-20 08:53:53,SSH Brute Force
77.245.69.98,2015-04-27 10:07:27,Sipvicious Scan
78.109.82.33,2015-04-21 09:00:19,Malware Distribution Site
78.129.231.92,2015-04-27 22:07:26,H.323 Scanning device
78.134.240.185,2015-04-27 10:07:27,RA SCAN Unusually fast Terminal Server Traffic Inbound
78.141.4.178,2015-04-13 09:07:28,H.323 Scanning device
78.142.173.10,2015-04-21 20:04:03,SSH Brute Force
78.152.103.17,2015-04-26 14:00:23,Wget Command Specifying Output in HTTP Headers 1
78.153.210.71,2015-04-19 08:55:37,SSH Brute Force
78.153.211.27,2015-04-24 17:39:45,Wget Command Specifying Output in HTTP Headers 2
78.153.211.95,2015-04-25 01:41:33,Wget Command Specifying Output in HTTP Headers 1
78.153.211.146,2015-04-20 08:53:53,SSH Brute Force
78.153.211.153,2015-04-20 08:53:53,SSH Brute Force
78.153.246.3,2015-04-20 08:53:53,SSH Brute Force
79.141.166.12,2015-04-26 09:07:27,SQL Injection Attempt UNION SELECT
79.143.179.31,2015-04-22 06:47:48,SSH Brute Force
79.255.58.25,2015-04-15 10:06:17,QNAP Shellshock CVE 2014-6271
80.15.154.165,2015-04-27 17:41:24,SSH Brute Force
80.45.167.51,2015-04-20 09:07:27,H.323 Scanning device
80.58.132.27,2015-04-21 10:07:27,RA SCAN Unusually fast Terminal Server Traffic Inbound
80.82.64.81,2015-04-27 22:07:25,RA SCAN Unusually fast Terminal Server Traffic Inbound
80.82.64.93,2015-04-23 09:07:27,RA SCAN Unusually fast Terminal Server Traffic Inbound
80.82.70.239,2015-04-27 10:07:27,RA SCAN Unusually fast Terminal Server Traffic Inbound
80.82.78.22,2015-04-23 14:50:24,RA SCAN Unusually fast Terminal Server Traffic Inbound
80.123.78.154,2015-04-17 03:17:11,QNAP Shellshock CVE 2014-6271
80.188.105.150,2015-04-25 21:23:19,CVE 2014-6271 Attempt in Headers
80.190.157.96,2015-04-18 02:13:55,SSH Brute Force
80.229.130.57,2015-04-13 16:04:53,RA SCAN Unusually fast Terminal Server Traffic Inbound
81.2.71.226,2015-04-27 10:07:27,H.323 Scanning device
81.13.241.235,2015-04-15 15:04:12,CVE 2014-6271 Attempt in Headers
81.17.16.138,2015-04-21 08:33:37,Malware Distribution Site
81.137.54.125,2015-04-23 14:47:27,Wget Command Specifying Output in HTTP Headers 1
81.138.13.240,2015-04-17 03:03:14,RA SCAN Unusually fast Terminal Server Traffic Inbound
81.169.169.136,2015-04-23 17:33:47,SSH Brute Force
81.214.124.139,2015-04-14 10:07:29,TLS HeartBleed Unencrypted Request Method 4
82.80.232.34,2015-04-25 10:07:27,SSH Brute Force
82.102.180.11,2015-04-27 03:59:59,SSH Brute Force
82.113.183.202,2015-04-20 20:02:01,CVE 2014-6271 Attempt in Headers
82.119.190.67,2015-04-26 10:21:10,RA SCAN Unusually fast Terminal Server Traffic Inbound
82.165.128.124,2015-04-20 08:53:53,SSH Brute Force
82.165.137.79,2015-04-25 01:53:15,Wget Command Specifying Output in HTTP Headers 1
82.165.139.87,2015-04-23 09:07:28,SSH Brute Force
82.165.197.48,2015-04-23 03:24:57,SSH Brute Force
82.194.82.46,2015-04-27 15:37:27,SSH Brute Force
82.195.252.74,2015-04-20 10:02:05,SSH Brute Force
82.220.91.98,2015-04-26 09:07:26,SSH Brute Force
82.230.4.118,2015-04-13 04:59:55,RA SCAN Unusually fast Terminal Server Traffic Inbound
82.245.58.17,2015-04-27 02:58:26,QNAP Shellshock CVE 2014-6271
83.96.189.134,2015-04-20 08:53:53,SSH Brute Force
83.141.217.232,2015-04-27 22:07:26,RA SCAN Unusually fast Terminal Server Traffic Inbound
83.167.196.106,2015-04-16 07:33:56,CVE 2014-6271 Attempt in Headers
83.169.44.102,2015-04-20 08:53:53,SSH Brute Force
83.244.191.237,2015-04-22 05:52:09,SSH Brute Force
84.15.147.182,2015-04-19 17:26:46,PHP-cgi vulnerability CVE-2012-1823
84.19.186.232,2015-04-22 10:07:28,SSH Brute Force
84.22.45.67,2015-04-27 22:07:25,RA SCAN Unusually fast Terminal Server Traffic Inbound
84.35.188.168,2015-04-21 21:12:44,SSH Brute Force
84.45.53.74,2015-04-24 12:34:56,SSH Brute Force
84.55.107.14,2015-04-16 21:45:00,QNAP Shellshock CVE 2014-6271
84.93.156.103,2015-04-20 11:36:24,SSH Brute Force
84.205.160.1,2015-04-22 10:07:29,SSH Brute Force
84.245.25.58,2015-04-14 20:42:22,CVE 2014-6271 Attempt in Headers
85.18.113.32,2015-04-22 10:07:29,Recon Bot
85.25.95.136,2015-04-22 04:52:29,SSH Brute Force
85.25.100.57,2015-04-24 10:07:27,Sipvicious Scan
85.25.138.10,2015-04-19 13:13:23,SSH Brute Force
85.25.144.236,2015-04-17 20:47:11,SSH Brute Force
85.25.176.81,2015-04-16 14:10:20,PHP-cgi vulnerability CVE-2012-1823
85.25.185.47,2015-04-20 08:56:00,Sipvicious Scan
85.25.185.200,2015-04-25 10:07:26,Sipvicious Scan
85.25.185.202,2015-04-24 00:53:50,Sipvicious Scan
85.25.185.229,2015-04-21 10:07:27,Sipvicious Scan
85.25.185.230,2015-04-20 08:56:00,Sipvicious Scan
85.25.185.231,2015-04-26 09:07:26,Sipvicious Scan
85.25.213.31,2015-04-15 13:16:57,Sipvicious Scan
85.25.214.17,2015-04-16 10:07:27,Sipvicious Scan
85.25.214.38,2015-04-27 10:51:22,Sipvicious Scan
85.25.214.112,2015-04-23 09:07:26,Sipvicious Scan
85.71.156.178,2015-04-24 10:07:27,Wget Command Specifying Output in HTTP Headers 1
85.94.175.236,2015-04-13 08:46:10,Possible Dyre SSL C&amp;C Cert
85.114.142.146,2015-04-25 10:51:58,Sipvicious Scan
85.152.37.13,2015-04-27 16:43:50,SSH Brute Force
85.159.90.115,2015-04-20 08:53:53,SSH Brute Force
85.195.89.244,2015-04-20 03:54:10,Sipvicious Scan
85.195.93.218,2015-04-16 21:02:41,RA SCAN Unusually fast Terminal Server Traffic Inbound
85.214.73.166,2015-04-21 09:00:31,BotNet C&C Site
86.108.15.195,2015-04-27 22:07:26,RA SCAN Unusually fast Terminal Server Traffic Inbound
87.22.222.121,2015-04-27 10:07:27,RA SCAN Unusually fast Terminal Server Traffic Inbound
87.23.3.119,2015-04-21 10:07:28,SSH Brute Force
87.25.238.196,2015-04-21 08:45:04,SSH Brute Force
87.30.127.155,2015-04-22 00:01:23,SSH Brute Force
87.106.4.28,2015-04-24 10:07:27,RA SCAN Unusually fast Terminal Server Traffic Inbound
87.106.24.113,2015-04-23 14:42:02,SSH Brute Force
87.106.58.77,2015-04-22 16:03:42,SSH Brute Force
87.106.62.128,2015-04-18 12:50:47,RA SCAN Unusually fast Terminal Server Traffic Inbound
87.106.62.160,2015-04-23 07:17:59,SSH Brute Force
87.106.69.89,2015-04-22 01:14:51,SSH Brute Force
87.106.77.40,2015-04-27 15:34:44,SSH Brute Force
87.106.100.143,2015-04-18 03:29:10,RA SCAN Unusually fast Terminal Server Traffic Inbound
87.106.131.85,2015-04-20 08:53:53,SSH Brute Force
87.106.142.32,2015-04-22 20:07:13,RA SCAN Unusually fast Terminal Server Traffic Inbound
87.106.147.60,2015-04-13 17:12:38,RA SCAN Unusually fast Terminal Server Traffic Inbound
87.106.147.176,2015-04-16 14:35:53,RA SCAN Unusually fast Terminal Server Traffic Inbound
87.106.160.94,2015-04-22 00:48:07,RA SCAN Unusually fast Terminal Server Traffic Inbound
87.106.176.38,2015-04-25 10:07:26,SSH Brute Force
87.106.240.120,2015-04-21 17:09:35,SSH Brute Force
87.106.251.42,2015-04-23 09:07:27,SSH Brute Force
87.106.251.100,2015-04-21 18:32:54,SSH Brute Force
87.118.91.149,2015-04-20 08:53:53,SSH Brute Force
87.118.94.76,2015-04-24 16:18:32,Wget Command Specifying Output in HTTP Headers 1
87.230.16.249,2015-04-24 16:47:05,SSH Brute Force
87.230.87.8,2015-04-20 08:53:53,SSH Brute Force
87.233.65.230,2015-04-21 10:07:28,H.323 Scanning device
88.85.150.226,2015-04-16 16:32:40,Sipvicious Scan
88.101.1.166,2015-04-23 17:25:29,RA SCAN Unusually fast Terminal Server Traffic Inbound
88.132.42.67,2015-04-16 04:14:14,SSH Brute Force
88.173.210.117,2015-04-27 17:21:55,SSH Brute Force
88.208.248.240,2015-04-19 13:02:28,SSH Brute Force
88.217.199.46,2015-04-25 01:17:07,Wget Command Specifying Output in HTTP Headers 2
88.235.206.148,2015-04-14 10:56:19,SELECT USER SQL Injection Attempt in URI
88.235.241.219,2015-04-22 09:09:38,MYSQL SELECT CONCAT SQL Injection
88.250.114.182,2015-04-16 13:17:28,SSH Brute Force
88.250.224.28,2015-04-26 23:37:30,SSH Brute Force
89.22.207.223,2015-04-13 09:10:04,Possible Dyre SSL C&amp;C Cert
89.137.11.45,2015-04-22 10:07:28,RA SCAN Unusually fast Terminal Server Traffic Inbound
89.145.90.202,2015-04-22 20:55:53,SSH Brute Force
89.206.4.101,2015-04-27 07:22:54,CVE 2014-6271 Attempt in Headers
89.248.29.209,2015-04-21 06:53:38,RA SCAN Unusually fast Terminal Server Traffic Inbound
89.248.162.131,2015-04-18 09:25:40,RA SCAN Unusually fast Terminal Server Traffic Inbound
89.248.167.131,2015-04-13 17:04:43,RA SCAN Unusually fast Terminal Server Traffic Inbound
89.248.169.47,2015-04-22 00:40:31,RA SCAN Unusually fast Terminal Server Traffic Inbound
89.248.174.46,2015-04-27 10:07:27,RA SCAN Unusually fast Terminal Server Traffic Inbound
89.249.76.221,2015-04-18 02:00:24,RA SCAN Unusually fast Terminal Server Traffic Inbound
91.82.226.223,2015-04-25 12:40:53,SSH Brute Force
91.93.46.66,2015-04-21 16:32:44,SSH Brute Force
91.98.31.186,2015-04-24 10:07:28,RA SCAN Unusually fast Terminal Server Traffic Inbound
91.121.105.21,2015-04-21 09:00:42,BotNet C&C Site
91.121.254.18,2015-04-13 17:30:12,RA SCAN Unusually fast Terminal Server Traffic Inbound
91.189.178.154,2015-04-20 08:53:53,SSH Brute Force
91.199.22.78,2015-04-22 10:07:29,CVE 2014-6271 Attempt in HTTP Cookie
91.205.174.38,2015-04-22 10:07:28,RA SCAN Unusually fast Terminal Server Traffic Inbound
91.217.90.19,2015-04-21 10:07:27,ZyXEL Config Download Attempt
91.217.90.49,2015-04-27 22:07:27,ZyXEL Config Download Attempt
91.218.98.2,2015-04-27 22:07:26,MS Remote Desktop micros User Login Request
91.219.238.193,2015-04-24 17:36:55,SQL Injection Attempt UNION SELECT
91.223.105.248,2015-04-20 08:57:02,MS Remote Desktop micros User Login Request
91.236.75.101,2015-04-23 21:55:13,RA SCAN Unusually fast Terminal Server Traffic Inbound
92.27.146.164,2015-04-26 09:07:26,H.323 Scanning device
92.51.133.48,2015-04-17 20:47:41,SSH Brute Force
92.60.254.90,2015-04-21 10:07:27,H.323 Scanning device
92.106.168.135,2015-04-22 13:41:11,Wget Command Specifying Output in HTTP Headers 1
92.249.116.246,2015-04-13 19:40:27,RA SCAN Unusually fast Terminal Server Traffic Inbound
93.63.173.207,2015-04-26 22:43:27,RA SCAN Unusually fast Terminal Server Traffic Inbound
93.89.237.138,2015-04-22 06:54:53,SSH Brute Force
93.92.204.97,2015-04-20 09:07:27,Drupal SQLi attempt URLENCODE
93.104.64.202,2015-04-23 01:16:05,CVE 2014-6271 Attempt in Headers
93.158.200.27,2015-04-26 15:58:06,SSH Brute Force
93.158.200.34,2015-04-21 12:14:25,Muieblackcat scanner
93.172.17.239,2015-04-24 10:07:28,RA SCAN Unusually fast Terminal Server Traffic Inbound
93.174.93.45,2015-04-20 09:07:26,SSH Brute Force
93.174.93.83,2015-04-20 10:04:48,RA SCAN Unusually fast Terminal Server Traffic Inbound
93.174.93.111,2015-04-27 10:07:27,RA SCAN Unusually fast Terminal Server Traffic Inbound
93.189.89.232,2015-04-24 11:10:07,CVE 2014-6271 Attempt in Headers
93.189.94.102,2015-04-25 03:16:40,CVE 2014-6271 Attempt in Headers
94.23.25.28,2015-04-20 08:56:00,Sipvicious Scan
94.76.246.97,2015-04-18 09:51:07,RA SCAN Unusually fast Terminal Server Traffic Inbound
94.90.187.147,2015-04-21 10:07:27,SSH Brute Force
94.92.86.212,2015-04-25 00:32:12,Wget Command Specifying Output in HTTP Headers 1
94.100.0.105,2015-04-18 14:55:09,RA SCAN Unusually fast Terminal Server Traffic Inbound
94.102.51.228,2015-04-21 10:07:27,RA SCAN Unusually fast Terminal Server Traffic Inbound
94.127.190.36,2015-04-20 08:53:53,SSH Brute Force
94.127.190.104,2015-04-19 23:54:11,SSH Brute Force
94.136.37.5,2015-04-24 19:04:46,Wget Command Specifying Output in HTTP Headers 1
94.136.44.198,2015-04-24 18:13:14,CVE 2014-6271 Attempt in Headers
94.155.63.195,2015-04-20 17:26:56,RA SCAN Unusually fast Terminal Server Traffic Inbound
94.155.63.198,2015-04-25 10:07:26,RA SCAN Unusually fast Terminal Server Traffic Inbound
94.229.33.233,2015-04-20 08:53:53,SSH Brute Force
94.230.210.83,2015-04-19 13:17:10,SSH Brute Force
94.242.57.36,2015-04-23 09:07:26,Muieblackcat scanner
94.247.176.96,2015-04-21 10:07:28,SSH Brute Force
95.110.213.46,2015-04-24 10:07:28,SSH Brute Force
95.141.31.12,2015-04-13 17:25:17,SQL Injection Attempt UNION SELECT
95.173.184.200,2015-04-19 13:27:05,SSH Brute Force
95.211.45.68,2015-04-20 08:53:53,SSH Brute Force
95.211.58.208,2015-04-23 12:40:57,SSH Brute Force
95.224.193.40,2015-04-21 10:07:27,SSH Brute Force
95.225.118.151,2015-04-23 19:04:08,SSH Brute Force
95.230.89.44,2015-04-22 10:07:29,SSH Brute Force
96.7.41.169,2015-04-22 09:02:23,Upatre Binary Download
96.10.107.162,2015-04-25 10:07:26,SSH Brute Force
96.23.234.218,2015-04-19 19:19:50,RA SCAN Unusually fast Terminal Server Traffic Inbound
96.32.86.209,2015-04-18 02:00:24,RA SCAN Unusually fast Terminal Server Traffic Inbound
96.35.135.83,2015-04-23 08:50:50,SSH Brute Force
96.57.3.115,2015-04-14 05:46:47,SSH Brute Force
96.57.25.190,2015-04-23 09:07:28,SSH Brute Force
97.67.133.86,2015-04-22 09:24:00,SSH Brute Force
97.71.87.219,2015-04-21 06:17:53,RA SCAN Unusually fast Terminal Server Traffic Inbound
97.74.72.239,2015-04-20 20:25:06,SSH Brute Force
97.74.75.209,2015-04-27 10:07:27,SSH Brute Force
97.74.75.218,2015-04-24 10:07:28,SSH Brute Force
97.74.112.87,2015-04-21 10:07:27,SSH Brute Force
97.74.113.77,2015-04-20 08:53:53,SSH Brute Force
97.74.119.199,2015-04-21 10:07:28,SSH Brute Force
97.74.121.108,2015-04-27 22:07:26,SSH Brute Force
97.74.125.55,2015-04-20 00:06:59,SSH Brute Force
97.74.125.66,2015-04-20 08:53:53,SSH Brute Force
97.74.206.204,2015-04-24 10:07:27,SSH Brute Force
97.77.159.39,2015-04-24 03:34:30,SSH Brute Force
98.101.239.38,2015-04-27 10:07:27,RA SCAN Unusually fast Terminal Server Traffic Inbound
98.109.199.86,2015-04-24 19:21:04,SSH Brute Force
98.173.235.251,2015-04-23 11:54:52,SSH Brute Force
98.220.61.80,2015-04-23 09:07:27,SSH Brute Force
98.238.132.4,2015-04-27 22:07:27,RA SCAN Unusually fast Terminal Server Traffic Inbound
99.244.135.30,2015-04-27 22:07:26,RA SCAN Unusually fast Terminal Server Traffic Inbound
100.1.13.137,2015-04-19 20:15:55,RA SCAN Unusually fast Terminal Server Traffic Inbound
100.3.212.74,2015-04-23 03:23:16,SSH Brute Force
101.140.157.123,2015-04-20 08:53:53,SSH Brute Force
101.226.249.53,2015-04-23 22:47:48,SSH Brute Force
103.4.146.234,2015-04-24 10:07:28,Sipvicious Scan
103.17.117.173,2015-04-27 22:07:27,MS Remote Desktop micros User Login Request
103.28.37.174,2015-04-27 22:07:27,H.323 Scanning device
103.253.141.54,2015-04-24 23:21:34,Wget Command Specifying Output in HTTP Headers 2
104.149.17.169,2015-04-21 02:41:45,RA SCAN Unusually fast Terminal Server Traffic Inbound
104.149.88.219,2015-04-13 02:55:02,SSH Brute Force
104.192.0.18,2015-04-27 22:07:26,CVE 2014-6271 Attempt in Headers
104.193.8.236,2015-04-27 10:07:27,Sipvicious Scan
104.203.181.154,2015-04-25 05:18:41,CVE 2014-6271 Attempt in Headers
104.238.174.105,2015-04-21 15:15:17,SSH Brute Force
104.245.96.67,2015-04-27 10:07:27,Sipvicious Scan
104.245.97.93,2015-04-27 22:07:26,Sipvicious Scan
107.20.164.54,2015-04-25 00:17:31,Wget Command Specifying Output in HTTP Headers 2
107.128.194.161,2015-04-24 06:07:54,RA SCAN Unusually fast Terminal Server Traffic Inbound
107.160.36.156,2015-04-15 09:07:28,RA SCAN Unusually fast Terminal Server Traffic Inbound
107.170.58.208,2015-04-23 12:14:11,SSH Brute Force
107.183.112.26,2015-04-17 13:02:02,RA SCAN Unusually fast Terminal Server Traffic Inbound
108.54.179.108,2015-04-27 22:07:26,RA SCAN Unusually fast Terminal Server Traffic Inbound
108.60.252.148,2015-04-22 10:07:29,RA SCAN Unusually fast Terminal Server Traffic Inbound
109.104.75.25,2015-04-13 08:51:12,PHP-cgi vulnerability CVE-2012-1823
109.104.78.130,2015-04-22 21:09:25,SSH Brute Force
109.104.78.243,2015-04-20 08:53:53,SSH Brute Force
109.132.48.231,2015-04-17 10:07:26,RA SCAN Unusually fast Terminal Server Traffic Inbound
109.169.74.58,2015-04-24 10:07:28,SSH Brute Force
109.228.21.246,2015-04-24 17:03:29,Wget Command Specifying Output in HTTP Headers 1
109.228.23.63,2015-04-24 19:49:25,Wget Command Specifying Output in HTTP Headers 2
109.228.161.84,2015-04-18 15:37:37,QNAP Shellshock CVE 2014-6271
109.235.50.209,2015-04-15 09:07:29,Muieblackcat scanner
109.235.50.227,2015-04-22 21:45:23,Muieblackcat scanner
109.235.51.164,2015-04-15 07:29:31,Muieblackcat scanner
109.235.51.231,2015-04-15 05:01:27,Muieblackcat scanner
110.4.120.52,2015-04-27 18:19:11,SSH Brute Force
110.5.110.242,2015-04-24 22:34:54,CVE 2014-6271 Attempt in Headers
110.12.207.5,2015-04-19 11:43:53,SSH Brute Force
110.45.146.93,2015-04-16 11:36:48,RA SCAN Unusually fast Terminal Server Traffic Inbound
110.74.169.152,2015-04-20 09:07:27,ZyXEL Config Download Attempt
110.89.62.47,2015-04-13 20:34:29,ColdFusion adminapi access	
111.17.215.227,2015-04-19 16:23:15,RA SCAN Unusually fast Terminal Server Traffic Inbound
111.68.113.202,2015-04-20 08:53:53,SSH Brute Force
111.69.194.252,2015-04-21 09:09:47,RA SCAN Unusually fast Terminal Server Traffic Inbound
111.69.195.227,2015-04-22 00:23:28,RA SCAN Unusually fast Terminal Server Traffic Inbound
111.87.79.231,2015-04-25 06:21:56,Wget Command Specifying Output in HTTP Headers 2
111.87.79.233,2015-04-24 15:42:52,CVE 2014-6271 Attempt in Headers
112.111.184.75,2015-04-14 00:53:43,ColdFusion adminapi access	
112.137.164.101,2015-04-25 02:32:05,Wget Command Specifying Output in HTTP Headers 1
112.140.184.189,2015-04-21 20:00:39,SSH Brute Force
112.216.92.44,2015-04-20 08:53:53,SSH Brute Force
113.30.138.168,2015-04-25 06:57:40,Wget Command Specifying Output in HTTP Headers 2
113.142.37.210,2015-04-22 10:07:28,SSH Brute Force
113.195.145.12,2015-04-25 10:07:26,SCAN SSH BruteForce Tool with fake PUTTY version
113.195.145.70,2015-04-26 09:07:27,SCAN SSH BruteForce Tool with fake PUTTY version
113.195.145.79,2015-04-21 03:28:46,SCAN SSH BruteForce Tool with fake PUTTY version
113.195.145.80,2015-04-25 07:42:29,SCAN SSH BruteForce Tool with fake PUTTY version
114.32.137.148,2015-04-21 09:16:08,Wget Command Specifying Output in HTTP Headers 1
114.34.149.14,2015-04-24 23:21:39,Wget Command Specifying Output in HTTP Headers 1
114.66.217.196,2015-04-15 03:37:45,SSH Brute Force
114.112.86.42,2015-04-24 21:25:14,Wget Command Specifying Output in HTTP Headers 1
114.112.188.228,2015-04-15 03:37:38,SSH Brute Force
115.28.231.136,2015-04-14 00:31:17,Multiple FTP Root Login Attempts
115.111.91.67,2015-04-25 01:13:33,Wget Command Specifying Output in HTTP Headers 2
115.179.102.249,2015-04-24 04:14:16,SSH Brute Force
115.238.55.163,2015-04-20 09:07:26,SSH Brute Force
115.239.248.2,2015-04-27 22:07:25,TomCat Auth Brute Force attempt
115.254.2.84,2015-04-21 21:08:34,SSH Brute Force
116.68.97.64,2015-04-27 22:07:26,RA SCAN Unusually fast Terminal Server Traffic Inbound
116.255.218.163,2015-04-25 04:31:52,Wget Command Specifying Output in HTTP Headers 1
117.21.173.33,2015-04-21 18:58:40,SSH Brute Force
117.21.174.111,2015-04-24 17:54:44,SCAN SSH BruteForce Tool with fake PUTTY version
117.21.191.23,2015-04-23 10:55:21,SCAN SSH BruteForce Tool with fake PUTTY version
117.21.191.196,2015-04-22 12:35:11,SCAN SSH BruteForce Tool with fake PUTTY version
117.34.74.230,2015-04-25 11:16:08,Wget Command Specifying Output in HTTP Headers 1
117.37.36.118,2015-04-27 10:07:27,SSH Brute Force
117.40.239.54,2015-04-27 22:07:26,SSH Brute Force
117.52.91.53,2015-04-23 16:41:27,SSH Brute Force
117.79.151.98,2015-04-25 10:07:26,CVE 2014-6271 Attempt in Headers
117.135.163.104,2015-04-27 22:07:27,SSH Brute Force
117.239.94.163,2015-04-19 16:30:27,Sipvicious Scan
117.247.10.17,2015-04-13 05:21:16,Multiple FTP Root Login Attempts
118.22.25.163,2015-04-24 13:12:14,Wget Command Specifying Output in HTTP Headers 1
118.69.135.6,2015-04-24 14:15:05,SSH Brute Force
118.98.104.21,2015-04-19 10:07:26,Morfeus F Scanner
118.99.216.106,2015-04-25 14:19:57,QNAP Shellshock CVE 2014-6271
118.122.51.76,2015-04-20 08:57:02,MS Remote Desktop micros User Login Request
118.139.161.85,2015-04-20 14:23:44,SSH Brute Force
118.163.131.43,2015-04-17 01:18:38,CVE 2014-6271 Attempt in Headers
118.193.178.197,2015-04-14 10:07:29,RA SCAN Unusually fast Terminal Server Traffic Inbound
118.193.246.80,2015-04-24 23:18:07,Supermicro BMC Password disclosure attempt
118.244.200.198,2015-04-15 15:55:17,SSH Brute Force
119.2.3.245,2015-04-14 13:47:52,SSH Brute Force
119.18.153.208,2015-04-24 17:07:39,Wget Command Specifying Output in HTTP Headers 1
119.40.53.170,2015-04-21 10:07:28,SSH Brute Force
119.46.91.221,2015-04-27 16:30:17,SSH Brute Force
119.47.113.53,2015-04-20 08:53:53,SSH Brute Force
119.61.7.7,2015-04-26 09:07:26,SSH Brute Force
119.81.178.194,2015-04-13 20:54:45,RA SCAN Unusually fast Terminal Server Traffic Inbound
119.97.202.161,2015-04-26 09:07:27,SSH Brute Force
119.97.204.114,2015-04-20 06:09:23,SSH Brute Force
119.147.137.94,2015-04-26 09:07:28,SCAN SSH BruteForce Tool with fake PUTTY version
119.188.71.175,2015-04-27 21:01:32,CVE 2014-6271 Attempt in HTTP Cookie
119.193.113.115,2015-04-16 16:29:01,RA SCAN Unusually fast Terminal Server Traffic Inbound
120.151.133.166,2015-04-18 09:49:35,RA SCAN Unusually fast Terminal Server Traffic Inbound
121.14.133.35,2015-04-27 22:07:26,H.323 Scanning device
121.132.1.203,2015-04-22 12:46:05,RA SCAN Unusually fast Terminal Server Traffic Inbound
121.134.224.19,2015-04-24 03:09:55,SSH Brute Force
121.162.252.24,2015-04-27 22:07:26,RA SCAN Unusually fast Terminal Server Traffic Inbound
122.10.95.198,2015-04-25 02:33:00,CVE 2014-6271 Attempt in Headers
122.54.78.109,2015-04-23 09:07:30,SSH Brute Force
122.154.33.251,2015-04-24 10:07:27,RA SCAN Unusually fast Terminal Server Traffic Inbound
122.154.49.242,2015-04-20 08:53:53,SSH Brute Force
122.160.65.5,2015-04-27 20:59:04,SSH Brute Force
122.209.239.43,2015-04-20 08:53:53,SSH Brute Force
122.225.243.194,2015-04-25 00:45:24,CVE 2014-6271 Attempt in Headers
122.249.67.219,2015-04-20 21:14:29,CVE 2014-6271 Attempt in Headers
123.8.125.83,2015-04-17 07:34:36,RA SCAN Unusually fast Terminal Server Traffic Inbound
123.30.51.167,2015-04-19 10:41:34,RA SCAN Unusually fast Terminal Server Traffic Inbound
123.49.43.215,2015-04-23 13:08:14,SSH Brute Force
123.57.128.109,2015-04-14 04:58:20,Multiple FTP Root Login Attempts
123.57.134.96,2015-04-15 00:27:49,SSH Brute Force
123.57.225.17,2015-04-24 10:07:28,SSH Brute Force
123.242.229.75,2015-04-22 18:02:34,SSH Brute Force
124.150.161.1,2015-04-15 01:14:30,dfind SK scanner
124.153.116.194,2015-04-16 11:49:21,SSH Brute Force
124.234.13.254,2015-04-27 10:07:27,SSH Brute Force
125.66.230.45,2015-04-26 12:53:25,CVE 2014-6271 Attempt in Headers
125.99.69.86,2015-04-25 10:07:26,RA SCAN Unusually fast Terminal Server Traffic Inbound
130.111.9.230,2015-04-19 08:11:39,RA SCAN Unusually fast Terminal Server Traffic Inbound
130.211.97.155,2015-04-17 18:16:38,RA SCAN Unusually fast Terminal Server Traffic Inbound
130.211.113.22,2015-04-22 23:41:00,RA SCAN Unusually fast Terminal Server Traffic Inbound
130.211.133.165,2015-04-23 17:56:30,RA SCAN Unusually fast Terminal Server Traffic Inbound
130.211.138.52,2015-04-27 22:07:26,RA SCAN Unusually fast Terminal Server Traffic Inbound
130.211.179.254,2015-04-19 15:31:40,RA SCAN Unusually fast Terminal Server Traffic Inbound
130.211.190.123,2015-04-24 10:07:28,RA SCAN Unusually fast Terminal Server Traffic Inbound
133.41.101.12,2015-04-25 03:38:00,CVE 2014-6271 Attempt in Headers
139.91.190.192,2015-04-24 22:51:23,Wget Command Specifying Output in HTTP Headers 1
139.201.126.166,2015-04-22 22:52:29,SSH Brute Force
139.202.204.142,2015-04-20 08:57:02,MS Remote Desktop micros User Login Request
140.113.241.229,2015-04-23 13:33:28,SSH Brute Force
140.116.86.7,2015-04-14 19:05:43,dfind SK scanner
140.119.80.110,2015-04-13 16:00:57,RA SCAN Unusually fast Terminal Server Traffic Inbound
140.121.81.102,2015-04-22 17:33:43,SSH Brute Force
140.123.32.120,2015-04-19 10:07:29,dfind SK scanner
140.130.81.42,2015-04-24 20:51:39,CVE 2014-6271 Attempt in Headers
140.239.235.139,2015-04-27 10:07:27,SSH Brute Force
141.105.72.2,2015-04-20 22:16:05,SSH Brute Force
142.0.38.136,2015-04-14 04:01:20,RA SCAN Unusually fast Terminal Server Traffic Inbound
142.4.38.36,2015-04-20 08:53:53,SSH Brute Force
142.4.112.17,2015-04-17 11:46:07,Malware Distribution Site
142.54.181.98,2015-04-16 18:44:44,RA SCAN Unusually fast Terminal Server Traffic Inbound
142.54.181.100,2015-04-16 07:11:39,RA SCAN Unusually fast Terminal Server Traffic Inbound
144.0.0.200,2015-04-27 22:07:26,SCAN SSH BruteForce Tool with fake PUTTY version
144.76.71.83,2015-04-13 15:33:41,Sipvicious Scan
146.0.73.19,2015-04-25 10:07:26,Sipvicious Scan
147.213.65.46,2015-04-27 04:09:52,SSH Brute Force
148.102.54.244,2015-04-24 18:58:44,CVE 2014-6271 Attempt in Headers
148.251.130.66,2015-04-16 04:58:59,Sipvicious Scan
149.255.57.233,2015-04-19 16:27:29,RA SCAN Unusually fast Terminal Server Traffic Inbound
151.11.201.3,2015-04-27 22:07:27,SSH Brute Force
151.80.65.84,2015-04-23 17:13:16,RA SCAN Unusually fast Terminal Server Traffic Inbound
151.227.61.153,2015-04-25 21:44:45,RA SCAN Unusually fast Terminal Server Traffic Inbound
151.236.57.158,2015-04-20 08:56:00,Sipvicious Scan
157.86.150.14,2015-04-23 08:18:42,SSH Brute Force
158.85.29.106,2015-04-19 05:14:22,RA SCAN Unusually fast Terminal Server Traffic Inbound
158.222.0.211,2015-04-18 05:48:56,SSH Brute Force
159.122.89.20,2015-04-18 05:31:56,Sipvicious Scan
161.9.143.25,2015-04-25 00:04:27,CVE 2014-6271 Attempt in Headers
162.17.208.89,2015-04-18 11:26:53,RA SCAN Unusually fast Terminal Server Traffic Inbound
162.243.223.37,2015-04-27 22:07:26,H.323 Scanning device
162.244.76.168,2015-04-26 07:10:16,Wget Command Specifying Output in HTTP Headers 1
162.248.141.65,2015-04-24 14:27:30,SSH Brute Force
162.254.167.134,2015-04-23 09:15:44,EITest Flash Redirect
162.255.117.84,2015-04-20 08:56:00,Sipvicious Scan
166.111.76.16,2015-04-15 11:30:07,SSH Brute Force
167.114.42.92,2015-04-14 23:14:53,Morfeus F Scanner
167.114.64.124,2015-04-22 01:02:31,RA SCAN Unusually fast Terminal Server Traffic Inbound
168.1.69.9,2015-04-23 15:59:47,SQL Injection Attempt UNION SELECT
168.62.9.85,2015-04-23 04:20:34,SSH Brute Force
168.144.28.225,2015-04-20 08:53:53,SSH Brute Force
168.144.38.32,2015-04-27 22:07:27,Nmap Scripting Engine User-Agent Detected
172.245.109.138,2015-04-16 01:16:09,Sipvicious Scan
173.0.140.136,2015-04-16 06:58:57,RA SCAN Unusually fast Terminal Server Traffic Inbound
173.8.100.155,2015-04-24 10:07:28,SSH Brute Force
173.13.165.86,2015-04-24 10:07:28,SSH Brute Force
173.31.58.194,2015-04-27 10:07:27,RA SCAN Unusually fast Terminal Server Traffic Inbound
173.163.213.174,2015-04-27 22:07:26,RA SCAN Unusually fast Terminal Server Traffic Inbound
173.201.16.222,2015-04-20 08:53:53,SSH Brute Force
173.201.27.135,2015-04-22 10:07:29,SSH Brute Force
173.201.178.125,2015-04-20 08:53:53,SSH Brute Force
173.201.183.57,2015-04-20 08:53:53,SSH Brute Force
173.201.191.73,2015-04-20 08:53:53,SSH Brute Force
173.208.188.250,2015-04-20 12:55:08,RA SCAN Unusually fast Terminal Server Traffic Inbound
173.208.194.44,2015-04-18 11:37:03,RA SCAN Unusually fast Terminal Server Traffic Inbound
173.208.202.139,2015-04-19 10:07:29,RA SCAN Unusually fast Terminal Server Traffic Inbound
173.208.223.18,2015-04-21 03:21:39,RA SCAN Unusually fast Terminal Server Traffic Inbound
173.208.251.114,2015-04-21 10:07:27,Sipvicious Scan
173.217.253.178,2015-04-24 22:36:44,Double HTTP/1.1 Header Inbound
173.242.117.89,2015-04-15 04:25:04,Muieblackcat scanner
173.242.117.190,2015-04-25 10:07:26,Sipvicious Scan
173.249.67.51,2015-04-23 01:09:30,SSH Brute Force
174.126.199.243,2015-04-27 15:23:30,SSH Brute Force
174.137.252.89,2015-04-23 11:04:40,RA SCAN Unusually fast Terminal Server Traffic Inbound
174.140.187.126,2015-04-18 01:56:10,RA SCAN Unusually fast Terminal Server Traffic Inbound
174.142.77.167,2015-04-24 04:19:42,RA SCAN Unusually fast Terminal Server Traffic Inbound
174.143.211.74,2015-04-20 08:53:53,SSH Brute Force
175.108.180.184,2015-04-23 21:02:39,QNAP Shellshock CVE 2014-6271
175.125.21.225,2015-04-27 22:07:27,SSH Brute Force
175.126.123.28,2015-04-27 10:07:26,SSH Brute Force
175.139.182.114,2015-04-18 10:22:34,RA SCAN Unusually fast Terminal Server Traffic Inbound
175.194.101.35,2015-04-16 16:28:57,RA SCAN Unusually fast Terminal Server Traffic Inbound
176.28.30.31,2015-04-21 07:10:42,SSH Brute Force
176.28.118.82,2015-04-22 03:52:34,SSH Brute Force
176.36.160.107,2015-04-13 09:01:26,Possible Dyre SSL C&amp;C Cert
176.98.133.237,2015-04-13 08:58:12,Possible Dyre SSL C&amp;C Cert
176.114.0.74,2015-04-17 02:50:40,Muieblackcat scanner
176.223.5.6,2015-04-14 14:33:46,dfind SK scanner
177.43.76.210,2015-04-23 08:32:22,SSH Brute Force
177.53.31.3,2015-04-16 12:20:52,Sipvicious Scan
177.69.82.113,2015-04-16 10:07:27,SSH Brute Force
177.185.48.8,2015-04-27 22:07:26,H.323 Scanning device
177.193.34.182,2015-04-20 08:53:53,SSH Brute Force
177.200.78.233,2015-04-23 00:25:37,SSH Brute Force
178.32.24.10,2015-04-25 10:07:26,RA SCAN Unusually fast Terminal Server Traffic Inbound
178.162.201.166,2015-04-27 10:07:27,Sipvicious Scan
178.162.206.36,2015-04-21 10:07:27,Sipvicious Scan
178.162.211.207,2015-04-27 22:07:25,Sipvicious Scan
178.208.82.239,2015-04-26 09:07:28,Drupal SQLi attempt URLENCODE
178.217.49.162,2015-04-13 08:42:23,Possible Dyre SSL C&amp;C Cert
178.250.170.102,2015-04-20 08:53:53,SSH Brute Force
178.254.34.108,2015-04-25 02:54:21,Wget Command Specifying Output in HTTP Headers 1
179.98.240.122,2015-04-27 10:07:27,SSH Brute Force
179.188.1.37,2015-04-17 18:39:14,RA SCAN Unusually fast Terminal Server Traffic Inbound
180.169.22.246,2015-04-23 09:07:30,SSH Brute Force
180.250.115.36,2015-04-24 22:24:08,CVE 2014-6271 Attempt in Headers
181.143.150.115,2015-04-24 01:25:31,SSH Brute Force
181.167.69.98,2015-04-26 14:52:30,Sipvicious Scan
182.52.69.37,2015-04-26 07:02:42,Sipvicious Scan
182.73.231.34,2015-04-24 23:18:50,CVE 2014-6271 Attempt in Headers
182.100.67.102,2015-04-27 00:11:06,SCAN SSH BruteForce Tool with fake PUTTY version
182.100.67.112,2015-04-27 22:07:26,SCAN SSH BruteForce Tool with fake PUTTY version
182.100.67.113,2015-04-27 22:07:26,SCAN SSH BruteForce Tool with fake PUTTY version
182.100.67.114,2015-04-27 22:07:27,SCAN SSH BruteForce Tool with fake PUTTY version
182.100.67.115,2015-04-27 10:07:27,SCAN SSH BruteForce Tool with fake PUTTY version
182.116.229.217,2015-04-21 10:07:27,RA SCAN Unusually fast Terminal Server Traffic Inbound
182.116.230.245,2015-04-14 00:17:31,RA SCAN Unusually fast Terminal Server Traffic Inbound
182.140.138.109,2015-04-25 08:34:52,CVE 2014-6271 Attempt in Headers
182.171.246.59,2015-04-23 12:19:54,SSH Brute Force
183.77.72.44,2015-04-26 08:10:49,Wget Command Specifying Output in HTTP Headers 2
183.110.253.233,2015-04-20 09:07:26,SSH Brute Force
184.106.159.195,2015-04-17 02:22:56,RA SCAN Unusually fast Terminal Server Traffic Inbound
184.106.210.192,2015-04-22 15:03:56,SSH Brute Force
184.167.60.115,2015-04-25 10:07:27,SSH Brute Force
184.168.20.75,2015-04-20 08:53:53,SSH Brute Force
184.168.30.89,2015-04-20 08:53:53,SSH Brute Force
184.168.31.139,2015-04-25 10:07:26,SSH Brute Force
184.168.81.33,2015-04-20 08:53:53,SSH Brute Force
184.168.83.93,2015-04-27 10:07:27,SSH Brute Force
184.168.84.105,2015-04-26 09:07:26,SSH Brute Force
184.168.87.24,2015-04-20 08:53:53,SSH Brute Force
184.168.90.136,2015-04-20 08:53:53,SSH Brute Force
184.168.90.192,2015-04-27 10:07:27,SSH Brute Force
184.168.107.19,2015-04-20 08:53:53,SSH Brute Force
184.168.107.88,2015-04-27 10:07:27,SSH Brute Force
184.168.107.159,2015-04-20 08:53:53,SSH Brute Force
184.168.107.198,2015-04-20 08:53:53,SSH Brute Force
184.168.107.250,2015-04-20 08:53:53,SSH Brute Force
184.168.108.202,2015-04-26 15:38:48,SSH Brute Force
184.168.110.18,2015-04-17 23:27:43,SSH Brute Force
184.168.112.220,2015-04-20 08:53:53,SSH Brute Force
184.168.116.249,2015-04-27 10:07:27,SSH Brute Force
184.168.117.101,2015-04-25 10:07:26,SSH Brute Force
184.168.134.72,2015-04-19 13:10:37,SSH Brute Force
184.173.249.130,2015-04-25 00:28:59,Wget Command Specifying Output in HTTP Headers 2
184.185.113.60,2015-04-27 10:07:27,SSH Brute Force
185.11.23.187,2015-04-21 20:55:41,SSH Brute Force
185.14.232.171,2015-04-27 22:07:26,H.323 Scanning device
185.19.94.207,2015-04-23 18:04:25,SSH Brute Force
185.31.53.23,2015-04-13 08:44:08,Possible Dyre SSL C&amp;C Cert
185.42.240.32,2015-04-27 01:59:17,SSH Brute Force
185.56.80.48,2015-04-13 17:51:22,RA SCAN Unusually fast Terminal Server Traffic Inbound
185.60.229.51,2015-04-23 23:26:51,RA SCAN Unusually fast Terminal Server Traffic Inbound
185.60.229.52,2015-04-20 09:07:27,SSH Brute Force
185.60.229.64,2015-04-14 01:39:28,SSH Brute Force
185.60.229.73,2015-04-27 16:36:52,SSH Brute Force
185.61.138.233,2015-04-21 07:59:29,Malware Distribution Site
185.62.188.85,2015-04-20 08:53:53,SSH Brute Force
185.67.12.2,2015-04-24 14:01:48,Wget Command Specifying Output in HTTP Headers 1
185.81.152.110,2015-04-21 21:07:55,SSH Brute Force
186.202.16.212,2015-04-19 12:30:04,SSH Brute Force
186.202.65.161,2015-04-21 10:07:28,SSH Brute Force
186.202.66.196,2015-04-19 22:34:19,SSH Brute Force
187.18.99.196,2015-04-16 13:08:46,Sipvicious Scan
187.22.8.22,2015-04-27 22:07:26,H.323 Scanning device
187.37.233.197,2015-04-21 15:35:33,SSH Brute Force
187.61.1.122,2015-04-20 08:53:53,SSH Brute Force
187.84.144.21,2015-04-27 22:07:26,H.323 Scanning device
187.157.4.181,2015-04-22 07:47:49,SSH Brute Force
187.178.206.67,2015-04-21 18:23:36,SSH Brute Force
187.193.77.30,2015-04-16 08:34:03,Morfeus F Scanner
187.217.233.9,2015-04-15 09:07:29,Sipvicious Scan
188.11.49.114,2015-04-20 08:53:53,SSH Brute Force
188.65.149.65,2015-04-27 18:38:14,RA SCAN Unusually fast Terminal Server Traffic Inbound
188.94.25.10,2015-04-19 11:37:47,SSH Brute Force
188.110.198.137,2015-04-14 17:06:43,CVE 2014-6271 Attempt in Headers
188.121.60.1,2015-04-27 10:07:27,SSH Brute Force
188.126.90.98,2015-04-22 04:09:29,SSH Brute Force
188.138.40.254,2015-04-24 03:14:00,CVE 2014-6271 Attempt in HTTP Cookie
188.138.57.74,2015-04-26 10:08:35,Sipvicious Scan
188.138.88.109,2015-04-20 08:53:53,SSH Brute Force
188.138.90.140,2015-04-20 14:01:54,SSH Brute Force
188.226.253.38,2015-04-24 06:10:40,Sipvicious Scan
188.240.33.10,2015-04-20 08:56:00,Sipvicious Scan
189.22.108.82,2015-04-24 15:41:43,SSH Brute Force
189.113.24.104,2015-04-17 22:07:10,RA SCAN Unusually fast Terminal Server Traffic Inbound
189.198.156.86,2015-04-22 10:07:29,SSH Brute Force
189.203.215.145,2015-04-21 08:13:07,RA SCAN Unusually fast Terminal Server Traffic Inbound
189.215.222.213,2015-04-20 07:20:51,Wget Command Specifying Output in HTTP Headers 1
189.254.196.101,2015-04-21 14:48:55,SSH Brute Force
190.0.60.42,2015-04-27 10:07:27,CVE 2014-6271 Attempt in HTTP Cookie
190.10.10.170,2015-04-16 01:12:18,Nmap Scripting Engine User-Agent Detected
190.12.45.226,2015-04-19 01:41:30,CVE 2014-6271 Attempt in Headers
190.13.120.152,2015-04-26 05:51:18,Wget Command Specifying Output in HTTP Headers 2
190.27.197.109,2015-04-19 10:07:27,Sipvicious Scan
190.40.168.61,2015-04-24 20:26:49,Wget Command Specifying Output in HTTP Headers 2
190.41.213.15,2015-04-20 08:53:53,SSH Brute Force
190.90.225.18,2015-04-24 22:13:13,SSH Brute Force
190.96.70.220,2015-04-27 22:07:26,MS Remote Desktop micros User Login Request
190.98.198.19,2015-04-27 02:03:43,Sipvicious Scan
190.102.138.123,2015-04-27 07:44:25,Double HTTP/1.1 Header Inbound
190.129.93.238,2015-04-22 09:16:14,SSH Brute Force
190.137.160.75,2015-04-18 23:00:52,SSH Brute Force
190.144.226.82,2015-04-27 10:07:27,SSH Brute Force
190.145.30.222,2015-04-24 13:07:34,CVE 2014-6271 Attempt in Headers
190.145.38.2,2015-04-14 16:02:15,CVE 2014-6271 Attempt in Headers
190.146.1.187,2015-04-24 12:41:40,Wget Command Specifying Output in HTTP Headers 1
190.213.236.110,2015-04-22 02:59:27,SSH Brute Force
190.216.31.186,2015-04-20 08:53:53,SSH Brute Force
191.241.39.5,2015-04-27 22:07:26,H.323 Scanning device
192.52.190.131,2015-04-24 10:03:48,SSH Brute Force
192.64.83.74,2015-04-20 08:53:53,SSH Brute Force
192.69.94.197,2015-04-27 10:07:26,Sipvicious Scan
192.99.167.32,2015-04-26 09:07:26,RA SCAN Unusually fast Terminal Server Traffic Inbound
192.99.167.44,2015-04-26 09:07:25,RA SCAN Unusually fast Terminal Server Traffic Inbound
192.99.167.186,2015-04-27 22:07:25,RA SCAN Unusually fast Terminal Server Traffic Inbound
192.99.167.209,2015-04-27 22:07:26,RA SCAN Unusually fast Terminal Server Traffic Inbound
192.99.249.11,2015-04-18 00:38:00,RA SCAN Unusually fast Terminal Server Traffic Inbound
192.150.113.130,2015-04-21 22:00:39,SSH Brute Force
192.151.152.154,2015-04-21 10:07:27,Sipvicious Scan
192.167.206.186,2015-04-19 07:17:28,SSH Brute Force
192.169.55.249,2015-04-24 10:07:27,RA SCAN Unusually fast Terminal Server Traffic Inbound
192.169.243.118,2015-04-26 09:07:25,RA SCAN Unusually fast Terminal Server Traffic Inbound
192.170.146.131,2015-04-23 09:07:26,Sipvicious Scan
192.184.114.171,2015-04-13 17:38:06,RA SCAN Unusually fast Terminal Server Traffic Inbound
192.186.211.232,2015-04-14 16:26:48,Malicious 8x8 script tag redirect
192.187.101.194,2015-04-25 11:30:40,Information Schema Access SQL Inject
192.208.157.136,2015-04-24 10:47:57,RA SCAN Unusually fast Terminal Server Traffic Inbound
192.228.99.126,2015-04-15 13:43:33,Sipvicious Scan
192.241.56.94,2015-04-17 08:25:10,RA SCAN Unusually fast Terminal Server Traffic Inbound
192.249.65.46,2015-04-24 10:07:27,RA SCAN Unusually fast Terminal Server Traffic Inbound
192.254.69.234,2015-04-27 08:11:19,Sipvicious Scan
193.0.200.188,2015-04-25 02:46:58,Muieblackcat scanner
193.107.16.206,2015-04-27 22:07:27,SSH Brute Force
193.107.17.70,2015-04-26 12:05:12,Sipvicious Scan
193.107.17.72,2015-04-27 22:07:26,SSH Brute Force
193.151.106.42,2015-04-20 08:53:53,SSH Brute Force
193.186.9.224,2015-04-23 09:07:26,RA SCAN Unusually fast Terminal Server Traffic Inbound
193.189.246.45,2015-04-18 02:28:27,RA SCAN Unusually fast Terminal Server Traffic Inbound
194.6.233.33,2015-04-27 22:07:27,SELECT USER SQL Injection Attempt in URI
194.73.43.158,2015-04-23 09:07:26,RA SCAN Unusually fast Terminal Server Traffic Inbound
194.79.89.179,2015-04-24 10:07:27,Sipvicious Scan
194.150.194.5,2015-04-23 09:07:28,SSH Brute Force
194.150.248.40,2015-04-20 08:53:53,SSH Brute Force
194.244.32.18,2015-04-25 00:38:23,Wget Command Specifying Output in HTTP Headers 1
195.21.35.81,2015-04-20 22:16:04,SSH Brute Force
195.50.160.237,2015-04-21 10:07:27,SSH Brute Force
195.64.165.39,2015-04-20 08:53:53,SSH Brute Force
195.78.202.84,2015-04-23 09:07:26,Sipvicious Scan
195.93.168.153,2015-04-22 10:07:29,SSH Brute Force
195.98.67.231,2015-04-13 17:28:16,RA SCAN Unusually fast Terminal Server Traffic Inbound
195.116.217.4,2015-04-21 18:15:27,SSH Brute Force
195.137.212.218,2015-04-25 03:53:14,CVE 2014-6271 Attempt in Headers
195.154.60.254,2015-04-27 22:07:26,RA SCAN Unusually fast Terminal Server Traffic Inbound
195.154.113.143,2015-04-20 08:53:53,SSH Brute Force
195.154.191.102,2015-04-25 10:07:26,Sipvicious Scan
195.154.191.140,2015-04-21 19:51:17,Sipvicious Scan
195.154.253.52,2015-04-23 02:40:58,Sipvicious Scan
195.189.19.156,2015-04-13 09:19:30,Possible Dyre SSL C&amp;C Cert
195.206.192.102,2015-04-23 00:18:09,SSH Brute Force
195.234.171.80,2015-04-24 18:10:12,CVE 2014-6271 Attempt in Headers
195.246.8.32,2015-04-24 14:41:29,CVE 2014-6271 Attempt in Headers
196.12.153.45,2015-04-22 10:07:29,SSH Brute Force
196.41.3.31,2015-04-25 10:07:26,RA SCAN Unusually fast Terminal Server Traffic Inbound
196.41.123.247,2015-04-19 22:22:03,SSH Brute Force
197.210.229.130,2015-04-17 17:59:49,Sipvicious Scan
197.221.234.19,2015-04-22 02:34:01,Muieblackcat scanner
198.11.173.81,2015-04-13 23:32:47,RA SCAN Unusually fast Terminal Server Traffic Inbound
198.11.174.220,2015-04-18 01:49:27,RA SCAN Unusually fast Terminal Server Traffic Inbound
198.12.157.109,2015-04-20 08:53:53,SSH Brute Force
198.23.238.252,2015-04-16 23:39:18,Muieblackcat scanner
198.50.201.56,2015-04-13 21:55:09,RA SCAN Unusually fast Terminal Server Traffic Inbound
198.55.123.137,2015-04-21 22:02:22,SSH Brute Force
198.74.100.10,2015-04-25 10:07:27,SSH Brute Force
198.89.108.125,2015-04-22 16:18:21,RA SCAN Unusually fast Terminal Server Traffic Inbound
199.19.109.102,2015-04-20 10:30:26,Sipvicious Scan
199.19.109.122,2015-04-14 19:51:40,Sipvicious Scan
199.68.190.86,2015-04-22 02:27:10,SSH Brute Force
199.168.98.186,2015-04-24 11:38:33,Sipvicious Scan
199.168.137.207,2015-04-21 10:07:28,Sipvicious Scan
199.168.253.8,2015-04-22 09:12:18,SSH Brute Force
199.180.114.241,2015-04-27 22:07:27,Muieblackcat scanner
199.217.113.237,2015-04-24 22:02:36,Sipvicious Scan
199.217.113.243,2015-04-27 22:07:26,Sipvicious Scan
199.217.117.21,2015-04-25 10:07:26,Sipvicious Scan
199.217.119.205,2015-04-26 09:07:26,Sipvicious Scan
199.217.119.231,2015-04-27 22:07:26,Sipvicious Scan
199.223.235.83,2015-04-19 05:56:30,RA SCAN Unusually fast Terminal Server Traffic Inbound
200.0.233.144,2015-04-22 04:05:11,SSH Brute Force
200.7.193.107,2015-04-23 07:08:02,SSH Brute Force
200.13.244.118,2015-04-18 11:51:08,RA SCAN Unusually fast Terminal Server Traffic Inbound
200.35.53.121,2015-04-27 22:07:26,RA SCAN Unusually fast Terminal Server Traffic Inbound
200.43.140.19,2015-04-25 10:07:26,CVE 2014-6271 Attempt in Headers
200.54.78.228,2015-04-26 09:07:26,RA SCAN Unusually fast Terminal Server Traffic Inbound
200.111.116.197,2015-04-25 10:07:26,RA SCAN Unusually fast Terminal Server Traffic Inbound
200.111.132.12,2015-04-24 10:07:28,SSH Brute Force
200.111.142.72,2015-04-19 10:07:28,Sipvicious Scan
200.121.76.27,2015-04-20 08:53:53,SSH Brute Force
200.135.32.225,2015-04-24 10:07:28,SSH Brute Force
200.139.25.23,2015-04-24 15:12:28,SSH Brute Force
200.145.158.166,2015-04-27 16:11:52,SSH Brute Force
200.158.211.17,2015-04-21 15:35:30,SSH Brute Force
200.159.62.85,2015-04-27 22:07:26,CVE 2014-6271 Attempt in Headers
200.239.154.117,2015-04-25 10:07:26,SSH Brute Force
201.37.170.50,2015-04-16 11:09:28,RA SCAN Unusually fast Terminal Server Traffic Inbound
201.45.252.146,2015-04-20 05:56:42,CVE 2014-6271 Attempt in Headers
201.48.224.73,2015-04-20 08:53:53,SSH Brute Force
201.67.114.114,2015-04-22 03:03:55,SSH Brute Force
201.90.216.10,2015-04-26 09:07:27,SSH Brute Force
201.191.197.136,2015-04-23 09:07:28,SSH Brute Force
201.224.58.237,2015-04-24 15:54:04,CVE 2014-6271 Attempt in Headers
201.234.229.9,2015-04-23 11:53:12,SSH Brute Force
202.6.247.168,2015-04-20 08:53:53,SSH Brute Force
202.40.181.91,2015-04-25 00:27:05,Wget Command Specifying Output in HTTP Headers 1
202.46.14.130,2015-04-24 10:07:28,SSH Brute Force
202.51.19.10,2015-04-22 04:43:47,SSH Brute Force
202.66.128.138,2015-04-15 19:57:54,SSH Brute Force
202.71.103.243,2015-04-21 10:07:28,SSH Brute Force
202.71.103.254,2015-04-26 13:20:02,Wget Command Specifying Output in HTTP Headers 2
202.77.120.66,2015-04-24 10:07:28,SSH Brute Force
202.77.120.67,2015-04-24 01:51:36,SSH Brute Force
202.91.79.27,2015-04-24 11:48:27,Wget Command Specifying Output in HTTP Headers 1
202.93.176.243,2015-04-27 22:07:27,H.323 Scanning device
202.120.126.62,2015-04-23 19:17:47,SSH Brute Force
202.130.106.17,2015-04-27 22:07:26,RA SCAN Unusually fast Terminal Server Traffic Inbound
202.139.3.236,2015-04-22 07:44:24,SSH Brute Force
203.17.150.242,2015-04-20 11:41:34,SSH Brute Force
203.82.152.40,2015-04-24 11:39:24,SSH Brute Force
203.94.243.84,2015-04-25 10:07:26,SSH Brute Force
203.113.117.182,2015-04-20 08:53:53,SSH Brute Force
203.122.47.42,2015-04-26 20:19:46,CVE 2014-6271 Attempt in Headers
203.130.39.33,2015-04-24 14:37:31,Muieblackcat scanner
203.130.254.180,2015-04-22 11:34:24,SSH Brute Force
203.162.70.78,2015-04-24 18:04:26,CVE 2014-6271 Attempt in Headers
203.186.91.178,2015-04-16 04:16:58,CVE 2014-6271 Attempt in Headers
203.255.172.37,2015-04-21 15:59:58,SSH Brute Force
204.14.70.50,2015-04-27 22:07:26,RA SCAN Unusually fast Terminal Server Traffic Inbound
204.124.182.59,2015-04-22 21:14:10,Sipvicious Scan
204.124.182.62,2015-04-20 08:36:44,Sipvicious Scan
204.151.8.186,2015-04-27 12:40:41,SSH Brute Force
204.188.238.60,2015-04-14 01:40:16,RA SCAN Unusually fast Terminal Server Traffic Inbound
205.209.190.172,2015-04-20 06:47:47,SSH Brute Force
206.71.63.4,2015-04-25 05:38:50,Wget Command Specifying Output in HTTP Headers 2
206.80.42.35,2015-04-24 10:07:28,SSH Brute Force
206.80.46.24,2015-04-27 13:30:17,Sipvicious Scan
206.183.117.2,2015-04-24 10:07:28,SSH Brute Force
206.225.80.25,2015-04-27 22:07:26,H.323 Scanning device
207.54.154.6,2015-04-25 10:07:26,SSH Brute Force
207.71.40.13,2015-04-22 10:41:26,SSH Brute Force
207.110.31.76,2015-04-24 16:27:07,SSH Brute Force
207.119.92.13,2015-04-22 05:05:12,RA SCAN Unusually fast Terminal Server Traffic Inbound
207.126.161.242,2015-04-20 12:36:19,SSH Brute Force
207.210.117.36,2015-04-22 09:07:24,SSH Brute Force
207.218.200.170,2015-04-25 10:07:26,SSH Brute Force
208.3.140.43,2015-04-17 10:07:25,Sipvicious Scan
208.28.184.60,2015-04-19 16:29:21,SSH Brute Force
208.29.16.206,2015-04-27 16:12:13,SSH Brute Force
208.38.129.168,2015-04-13 00:34:26,Sipvicious Scan
208.38.164.39,2015-04-14 11:10:17,Sipvicious Scan
208.39.114.154,2015-04-24 20:52:40,CVE 2014-6271 Attempt in Headers
208.64.31.231,2015-04-17 13:15:37,SSH Brute Force
208.88.7.160,2015-04-20 08:53:53,SSH Brute Force
208.89.117.138,2015-04-26 10:10:00,bongo rocks
208.100.131.238,2015-04-25 09:54:25,Wget Command Specifying Output in HTTP Headers 2
208.109.26.99,2015-04-24 10:07:28,SSH Brute Force
208.109.104.79,2015-04-20 08:53:53,SSH Brute Force
208.109.122.35,2015-04-27 22:07:26,SSH Brute Force
208.109.190.62,2015-04-20 21:04:40,CVE 2014-6271 Attempt in Headers
208.109.198.213,2015-04-27 10:07:27,SSH Brute Force
208.109.209.53,2015-04-26 09:07:28,SSH Brute Force
208.109.223.184,2015-04-27 22:07:26,SSH Brute Force
208.109.249.232,2015-04-20 08:53:53,SSH Brute Force
208.110.207.148,2015-04-23 16:18:05,SSH Brute Force
209.44.124.223,2015-04-20 08:53:53,SSH Brute Force
209.54.51.198,2015-04-25 04:03:44,CVE 2014-6271 Attempt in Headers
209.54.60.159,2015-04-24 17:01:31,CVE 2014-6271 Attempt in Headers
209.54.61.130,2015-04-20 14:20:07,SSH Brute Force
209.81.104.131,2015-04-24 10:07:28,SSH Brute Force
209.98.199.20,2015-04-24 23:32:46,Wget Command Specifying Output in HTTP Headers 2
209.126.220.168,2015-04-22 09:02:30,SSH Brute Force
209.126.230.71,2015-04-16 10:07:27,Incoming Masscan detected
209.160.28.90,2015-04-14 16:10:10,SSH Brute Force
209.160.50.250,2015-04-23 07:12:59,SSH Brute Force
209.191.188.181,2015-04-20 08:53:53,SSH Brute Force
209.239.114.179,2015-04-21 10:07:27,SSH Brute Force
210.6.89.236,2015-04-25 01:50:58,Wget Command Specifying Output in HTTP Headers 1
210.14.136.107,2015-04-17 10:52:16,SSH Brute Force
210.42.35.201,2015-04-22 05:30:39,SSH Brute Force
210.57.210.12,2015-04-24 15:49:40,SSH Brute Force
210.64.73.27,2015-04-16 19:49:23,RA SCAN Unusually fast Terminal Server Traffic Inbound
210.122.0.127,2015-04-24 17:40:34,Wget Command Specifying Output in HTTP Headers 1
210.134.75.144,2015-04-21 23:29:36,SSH Brute Force
210.175.245.99,2015-04-25 10:07:26,SSH Brute Force
210.212.98.235,2015-04-25 10:07:26,Web Application Attack
210.212.240.146,2015-04-21 17:28:35,SSH Brute Force
210.212.240.151,2015-04-27 10:07:27,SSH Brute Force
210.245.23.14,2015-04-13 07:16:25,SSH Brute Force
210.245.83.148,2015-04-20 08:57:02,MS Remote Desktop micros User Login Request
210.245.92.168,2015-04-20 08:57:02,MS Remote Desktop micros User Login Request
211.10.15.59,2015-04-27 12:43:32,SSH Brute Force
211.81.48.100,2015-04-26 04:42:11,CVE 2014-6271 Attempt in Headers
211.100.27.22,2015-04-22 10:07:29,SSH Brute Force
211.125.67.222,2015-04-24 18:16:04,SSH Brute Force
211.144.147.161,2015-04-24 21:19:00,Wget Command Specifying Output in HTTP Headers 1
211.195.25.131,2015-04-21 10:07:27,RA SCAN Unusually fast Terminal Server Traffic Inbound
211.233.81.190,2015-04-22 17:15:39,SSH Brute Force
211.245.169.201,2015-04-24 10:07:27,SSH Brute Force
212.2.5.120,2015-04-23 16:50:31,SSH Brute Force
212.7.199.208,2015-04-27 10:07:27,RA SCAN Unusually fast Terminal Server Traffic Inbound
212.7.209.11,2015-04-27 22:07:27,RA SCAN Unusually fast Terminal Server Traffic Inbound
212.26.122.8,2015-04-20 08:18:43,Sipvicious Scan
212.58.7.71,2015-04-22 10:07:29,SSH Brute Force
212.83.132.64,2015-04-16 10:07:29,Sipvicious Scan
212.83.133.208,2015-04-27 22:07:26,RA SCAN Unusually fast Terminal Server Traffic Inbound
212.83.138.61,2015-04-19 10:07:27,RA SCAN Unusually fast Terminal Server Traffic Inbound
212.83.154.176,2015-04-27 10:07:26,Sipvicious Scan
212.83.155.127,2015-04-26 08:49:34,Sipvicious Scan
212.83.157.48,2015-04-26 09:07:26,Sipvicious Scan
212.83.166.10,2015-04-22 10:07:28,Sipvicious Scan
212.83.171.94,2015-04-27 10:07:27,Sipvicious Scan
212.83.187.236,2015-04-20 08:56:00,Sipvicious Scan
212.83.188.48,2015-04-26 09:07:26,Sipvicious Scan
212.91.171.178,2015-04-25 10:07:26,SSH Brute Force
212.112.245.136,2015-04-20 08:53:53,SSH Brute Force
212.112.245.162,2015-04-19 18:44:03,SSH Brute Force
212.117.173.238,2015-04-20 08:53:53,SSH Brute Force
212.129.0.65,2015-04-21 09:49:14,Sipvicious Scan
212.129.3.138,2015-04-20 08:56:00,Sipvicious Scan
212.129.4.235,2015-04-17 17:47:47,Sipvicious Scan
212.129.4.236,2015-04-14 10:07:27,Sipvicious Scan
212.129.19.149,2015-04-24 11:10:35,Sipvicious Scan
212.129.19.150,2015-04-27 15:44:31,Sipvicious Scan
212.129.19.215,2015-04-25 10:07:27,Sipvicious Scan
212.129.40.3,2015-04-14 22:07:08,Sipvicious Scan
212.129.41.8,2015-04-25 21:08:12,Sipvicious Scan
212.129.41.154,2015-04-27 10:07:27,Sipvicious Scan
212.129.42.55,2015-04-16 10:07:27,Sipvicious Scan
212.129.46.61,2015-04-25 10:07:26,Sipvicious Scan
212.129.61.193,2015-04-26 09:07:25,Sipvicious Scan
212.129.63.131,2015-04-26 07:37:00,Sipvicious Scan
212.143.57.250,2015-04-27 22:07:26,RA SCAN Unusually fast Terminal Server Traffic Inbound
212.150.134.131,2015-04-24 10:07:28,SSH Brute Force
212.175.35.92,2015-04-21 15:43:37,RA SCAN Unusually fast Terminal Server Traffic Inbound
212.224.19.14,2015-04-20 08:53:53,SSH Brute Force
212.224.123.5,2015-04-18 19:05:24,SSH Brute Force
212.225.249.118,2015-04-16 09:28:24,RA SCAN Unusually fast Terminal Server Traffic Inbound
212.227.159.125,2015-04-21 18:38:03,SSH Brute Force
212.227.252.248,2015-04-23 09:07:28,SSH Brute Force
212.235.189.10,2015-04-15 09:07:28,Incoming Masscan detected
213.56.239.20,2015-04-24 21:15:52,CVE 2014-6271 Attempt in Headers
213.136.69.148,2015-04-17 10:07:26,Sipvicious Scan
213.136.75.227,2015-04-26 09:07:27,Sipvicious Scan
213.136.82.98,2015-04-27 22:07:27,RA SCAN Unusually fast Terminal Server Traffic Inbound
213.137.2.246,2015-04-19 11:54:44,SSH Brute Force
213.139.63.237,2015-04-21 10:07:27,SSH Brute Force
213.151.175.143,2015-04-27 13:32:49,Sipvicious Scan
213.155.180.226,2015-04-20 08:53:53,SSH Brute Force
213.158.230.134,2015-04-17 11:39:12,CVE 2014-6271 Attempt in Headers
213.158.233.62,2015-04-16 10:07:27,Curl Command Specifying Output in HTTP Headers
213.165.70.241,2015-04-23 16:31:44,SSH Brute Force
213.165.80.207,2015-04-23 09:07:27,SSH Brute Force
213.165.80.230,2015-04-25 00:20:23,Double HTTP/1.1 Header Inbound
213.165.90.133,2015-04-22 03:13:52,SSH Brute Force
213.185.83.18,2015-04-20 08:53:53,SSH Brute Force
213.185.87.21,2015-04-27 10:07:27,SSH Brute Force
213.202.243.140,2015-04-21 00:14:48,SSH Brute Force
213.223.38.100,2015-04-24 09:19:58,SSH Brute Force
213.229.106.136,2015-04-23 09:49:22,SSH Brute Force
213.233.236.146,2015-04-14 07:17:44,RA SCAN Unusually fast Terminal Server Traffic Inbound
213.250.246.62,2015-04-19 04:47:01,SQL Injection Attempt UNION SELECT
213.251.182.107,2015-04-25 10:07:26,CVE 2014-6271 Attempt in HTTP Cookie
213.251.192.202,2015-04-21 13:06:52,Heartbleed Malformed Request
216.14.91.126,2015-04-27 22:07:26,RA SCAN Unusually fast Terminal Server Traffic Inbound
216.14.93.126,2015-04-27 22:07:27,RA SCAN Unusually fast Terminal Server Traffic Inbound
216.27.81.116,2015-04-13 20:09:22,RA SCAN Unusually fast Terminal Server Traffic Inbound
216.51.46.108,2015-04-27 22:07:26,SSH Brute Force
216.56.52.135,2015-04-21 20:40:12,SSH Brute Force
216.67.245.106,2015-04-24 13:15:44,Wget Command Specifying Output in HTTP Headers 1
216.72.4.147,2015-04-22 03:52:01,SSH Brute Force
216.87.177.76,2015-04-21 20:37:33,SSH Brute Force
216.105.90.184,2015-04-18 09:28:58,RA SCAN Unusually fast Terminal Server Traffic Inbound
216.198.105.78,2015-04-24 10:07:28,SSH Brute Force
216.205.99.1,2015-04-27 22:07:26,H.323 Scanning device
216.207.221.68,2015-04-22 02:54:17,SSH Brute Force
216.253.193.187,2015-04-25 10:07:26,Sipvicious Scan
217.18.165.23,2015-04-20 00:00:44,SSH Brute Force
217.23.11.95,2015-04-27 10:07:27,BotNet C&C Site
217.68.244.61,2015-04-19 10:07:26,RA SCAN Unusually fast Terminal Server Traffic Inbound
217.109.167.117,2015-04-24 19:35:26,CVE 2014-6271 Attempt in Headers
217.151.114.49,2015-04-21 10:07:27,RA SCAN Unusually fast Terminal Server Traffic Inbound
217.170.194.130,2015-04-23 09:07:30,SSH Brute Force
217.170.195.88,2015-04-23 07:45:57,SSH Brute Force
217.172.190.34,2015-04-25 10:07:27,Sipvicious Scan
218.6.168.220,2015-04-19 08:49:25,SSH Brute Force
218.24.176.41,2015-04-21 10:07:27,MS Remote Desktop micros User Login Request
218.27.204.27,2015-04-13 02:48:29,SSH Brute Force
218.45.254.91,2015-04-21 22:58:29,SSH Brute Force
218.65.30.23,2015-04-27 22:07:27,SCAN SSH BruteForce Tool with fake PUTTY version
218.65.30.61,2015-04-27 10:07:27,SCAN SSH BruteForce Tool with fake PUTTY version
218.65.30.73,2015-04-27 10:07:27,SCAN SSH BruteForce Tool with fake PUTTY version
218.65.30.92,2015-04-27 21:36:58,SCAN SSH BruteForce Tool with fake PUTTY version
218.65.30.107,2015-04-27 22:07:26,SCAN SSH BruteForce Tool with fake PUTTY version
218.65.30.126,2015-04-25 10:48:05,RA SCAN Unusually fast Terminal Server Traffic Inbound
218.68.3.136,2015-04-27 05:50:03,SSH Brute Force
218.73.147.145,2015-04-13 21:24:56,RA Exploit Alihackxx
218.87.109.62,2015-04-26 13:01:51,SCAN SSH BruteForce Tool with fake PUTTY version
218.87.111.107,2015-04-26 09:07:26,SCAN SSH BruteForce Tool with fake PUTTY version
218.87.111.108,2015-04-27 22:07:27,SCAN SSH BruteForce Tool with fake PUTTY version
218.87.111.109,2015-04-25 10:07:26,SCAN SSH BruteForce Tool with fake PUTTY version
218.87.111.110,2015-04-27 22:07:26,SCAN SSH BruteForce Tool with fake PUTTY version
218.87.111.116,2015-04-27 22:07:26,SCAN SSH BruteForce Tool with fake PUTTY version
218.87.111.117,2015-04-24 10:07:28,SCAN SSH BruteForce Tool with fake PUTTY version
218.87.111.118,2015-04-26 09:07:27,SCAN SSH BruteForce Tool with fake PUTTY version
218.94.26.50,2015-04-22 04:11:05,SSH Brute Force
218.95.228.109,2015-04-20 08:56:00,Sipvicious Scan
218.145.31.179,2015-04-21 17:11:26,SSH Brute Force
218.189.196.37,2015-04-22 06:37:57,SSH Brute Force
218.203.54.20,2015-04-14 10:23:42,SSH Brute Force
218.208.55.55,2015-04-24 10:07:28,SSH Brute Force
218.251.252.40,2015-04-24 13:36:15,Wget Command Specifying Output in HTTP Headers 2
219.74.86.211,2015-04-24 05:59:33,RA SCAN Unusually fast Terminal Server Traffic Inbound
219.232.239.33,2015-04-22 05:03:28,SSH Brute Force
220.90.18.106,2015-04-24 10:07:28,SSH Brute Force
220.110.42.2,2015-04-21 21:44:38,SSH Brute Force
220.165.15.91,2015-04-16 10:07:27,SSH Brute Force
220.247.239.70,2015-04-19 16:25:40,SSH Brute Force
221.151.112.189,2015-04-24 23:20:08,CVE 2014-6271 Attempt in Headers
221.203.3.18,2015-04-20 09:07:27,SCAN SSH BruteForce Tool with fake PUTTY version
221.229.160.222,2015-04-22 18:11:52,SCAN SSH BruteForce Tool with fake PUTTY version
221.229.160.223,2015-04-21 10:07:28,SCAN SSH BruteForce Tool with fake PUTTY version
221.229.160.237,2015-04-19 10:07:30,SCAN SSH BruteForce Tool with fake PUTTY version
221.229.160.241,2015-04-22 10:07:29,SCAN SSH BruteForce Tool with fake PUTTY version
221.229.166.16,2015-04-24 13:55:32,SCAN SSH BruteForce Tool with fake PUTTY version
221.229.166.27,2015-04-27 10:07:27,SCAN SSH BruteForce Tool with fake PUTTY version
221.229.166.28,2015-04-27 10:07:27,SCAN SSH BruteForce Tool with fake PUTTY version
221.229.166.29,2015-04-27 10:07:27,SCAN SSH BruteForce Tool with fake PUTTY version
221.229.166.30,2015-04-27 10:07:27,SCAN SSH BruteForce Tool with fake PUTTY version
221.229.166.98,2015-04-27 10:07:27,SCAN SSH BruteForce Tool with fake PUTTY version
221.229.166.240,2015-04-27 13:57:11,SCAN SSH BruteForce Tool with fake PUTTY version
221.229.166.252,2015-04-25 13:49:13,SSH Brute Force
221.229.166.254,2015-04-25 10:07:26,SCAN SSH BruteForce Tool with fake PUTTY version
221.235.189.249,2015-04-21 10:07:27,SCAN SSH BruteForce Tool with fake PUTTY version
221.238.254.36,2015-04-13 18:22:40,SSH Brute Force
221.239.72.71,2015-04-17 14:43:11,Sipvicious Scan
222.90.100.208,2015-04-25 09:18:48,CVE 2014-6271 Attempt in Headers
222.97.189.81,2015-04-19 19:01:39,SSH Brute Force
222.102.146.131,2015-04-25 10:07:26,SSH Brute Force
222.122.118.49,2015-04-24 14:25:43,SSH Brute Force
222.124.130.50,2015-04-20 08:53:53,SSH Brute Force
222.154.227.129,2015-04-23 04:59:09,SSH Brute Force
222.161.4.147,2015-04-27 18:44:10,SCAN SSH BruteForce Tool with fake PUTTY version
222.161.4.148,2015-04-27 10:07:27,SCAN SSH BruteForce Tool with fake PUTTY version
222.161.197.241,2015-04-13 17:33:34,SSH Brute Force
222.186.13.233,2015-04-20 08:53:53,SSH Brute Force
222.186.15.88,2015-04-22 14:59:04,SSH Brute Force
222.186.21.59,2015-04-27 10:07:27,MS Remote Desktop micros User Login Request
222.186.21.198,2015-04-27 22:07:26,SCAN SSH BruteForce Tool with fake PUTTY version
222.186.21.209,2015-04-27 18:37:07,SCAN SSH BruteForce Tool with fake PUTTY version
222.186.21.215,2015-04-19 10:07:29,SCAN SSH BruteForce Tool with fake PUTTY version
222.186.21.217,2015-04-19 10:07:28,SCAN SSH BruteForce Tool with fake PUTTY version
222.186.21.240,2015-04-18 09:07:27,SCAN SSH BruteForce Tool with fake PUTTY version
222.186.21.251,2015-04-19 10:07:29,SCAN SSH BruteForce Tool with fake PUTTY version
222.186.34.14,2015-04-16 11:44:36,RA SCAN Unusually fast Terminal Server Traffic Inbound
222.186.34.48,2015-04-26 09:07:26,TomCat Auth Brute Force attempt
222.186.34.226,2015-04-27 22:07:26,Apache CVE-2013-2251 redirect
222.186.34.246,2015-04-27 22:28:08,SSH Brute Force
222.186.42.175,2015-04-25 10:07:27,RA SCAN Unusually fast Terminal Server Traffic Inbound
222.186.51.228,2015-04-27 22:07:26,SCAN SSH BruteForce Tool with fake PUTTY version
222.186.56.107,2015-04-20 09:07:27,Apache CVE-2013-2251 redirect
222.186.56.138,2015-04-19 10:07:29,SCAN SSH BruteForce Tool with fake PUTTY version
222.186.56.143,2015-04-18 17:11:52,SCAN SSH BruteForce Tool with fake PUTTY version
222.186.58.131,2015-04-27 22:07:26,SCAN SSH BruteForce Tool with fake PUTTY version
222.186.134.85,2015-04-27 10:07:27,SCAN SSH BruteForce Tool with fake PUTTY version
222.186.134.86,2015-04-27 10:07:27,SCAN SSH BruteForce Tool with fake PUTTY version
222.186.134.87,2015-04-27 10:07:27,SCAN SSH BruteForce Tool with fake PUTTY version
222.186.134.88,2015-04-27 10:07:27,SCAN SSH BruteForce Tool with fake PUTTY version
222.186.134.89,2015-04-27 10:07:27,SCAN SSH BruteForce Tool with fake PUTTY version
222.186.134.90,2015-04-27 10:07:27,SCAN SSH BruteForce Tool with fake PUTTY version
222.186.134.91,2015-04-27 10:07:27,SCAN SSH BruteForce Tool with fake PUTTY version
222.186.134.92,2015-04-26 09:07:28,SCAN SSH BruteForce Tool with fake PUTTY version
222.186.134.93,2015-04-27 10:07:27,SCAN SSH BruteForce Tool with fake PUTTY version
222.186.134.94,2015-04-27 10:07:27,SCAN SSH BruteForce Tool with fake PUTTY version
222.186.134.95,2015-04-27 22:07:26,SCAN SSH BruteForce Tool with fake PUTTY version
222.186.134.96,2015-04-27 10:07:27,SCAN SSH BruteForce Tool with fake PUTTY version
222.186.134.97,2015-04-27 10:07:27,SCAN SSH BruteForce Tool with fake PUTTY version
222.186.134.98,2015-04-27 22:07:01,SCAN SSH BruteForce Tool with fake PUTTY version
222.186.134.99,2015-04-27 10:07:27,SCAN SSH BruteForce Tool with fake PUTTY version
222.187.223.214,2015-04-23 11:38:45,SCAN SSH BruteForce Tool with fake PUTTY version
222.189.40.171,2015-04-22 09:38:22,SSH Brute Force
222.190.124.178,2015-04-23 00:00:58,SSH Brute Force
222.219.187.9,2015-04-26 09:07:26,SSH Brute Force
222.223.220.109,2015-04-22 07:02:01,SSH Brute Force
222.236.44.115,2015-04-27 17:50:16,SSH Brute Force
223.197.210.106,2015-04-22 15:34:03,CVE 2014-6271 Attempt in Headers
